date,id,title,url
108/07/23,273,雲林土雞場確診禽流感案例，籲請業者配合防疫監控措施（動植物防疫檢疫局）,https://m.coa.gov.tw/Aigovinfo/Detail/273
108/07/21,274,專案農貸電話諮詢個案處理情形，統計截止日:108年7月19日（農業金融局）,https://m.coa.gov.tw/Aigovinfo/Detail/274
108/03/28,267,雲林土雞與鴨場確診禽流感案例，呼籲業者共同維護產業發展（動植物防疫檢疫局）,https://m.coa.gov.tw/Aigovinfo/Detail/267
108/02/20,246,此波缺蛋與馬立克疫苗無關，農委會全力穩定雞蛋之供應（行政院農業委員會）,https://m.coa.gov.tw/Aigovinfo/Detail/246
107/12/20,227,嘉義丟棄死雞確診禽流感 違法棄置者將受裁罰（動植物防疫檢疫局）,https://m.coa.gov.tw/Aigovinfo/Detail/227
107/09/25,207,預告修正「動物傳染病防治條例補償評價委員之組成人員及評價標準」第四條附件三,https://m.coa.gov.tw/Aigovinfo/Detail/207
107/06/05,187,107年5月31日農業保險投保情形（農業金融局）,https://m.coa.gov.tw/Aigovinfo/Detail/187
107/04/01,166,推動農業保險立法，保障農民收入安全（行政院農業委員會）,https://m.coa.gov.tw/Aigovinfo/Detail/166
107/02/12,147,臺中屠宰場攔截禽流感病禽，依標準作業程序執行防疫處置（動植物防疫檢疫局）,https://m.coa.gov.tw/Aigovinfo/Detail/147
107/01/17,127,屏東禽場確診禽流感案例，依程序執行防疫處置（動植物防疫檢疫局）,https://m.coa.gov.tw/Aigovinfo/Detail/127
106/12/05,107,政院：公私協力、多元參與 提升我國災害防救能量（行政院）,https://m.coa.gov.tw/Aigovinfo/Detail/107
106/05/04,86,1060505林揆：禽流感防疫回歸常態運作 仍請農委會持續保持警戒(出席106年禽流感中央災害應變中心第5次會議)（行政院）,https://m.coa.gov.tw/Aigovinfo/Detail/86
106/04/18,21,因應國內首度自死亡禽鳥檢體檢出H5N6病毒，疾管署將持續監測疫情發展及接觸者健康情形（衛生福利部疾病管制署）,https://m.coa.gov.tw/Aigovinfo/Detail/21
106/04/18,26,防疫視同作戰，疾管署嚴正回應某媒體社論（衛生福利部疾病管制署）,https://m.coa.gov.tw/Aigovinfo/Detail/26
106/04/18,27,H5N6禽傳人風險雖低，國內家禽相關工作人員仍須做好自我防護（衛生福利部疾病管制署）,https://m.coa.gov.tw/Aigovinfo/Detail/27
105/06/14,1,請養禽業者持續落實防鳥設施及相關生物安全措施，防範禽流感疫情發生及傳播,https://m.coa.gov.tw/Aigovinfo/Detail/1
105/06/07,2,確診屏東縣1白肉雞場為新型禽流感案例，依標準作業程序啟動防疫機制，請相關業者加強防範,https://m.coa.gov.tw/Aigovinfo/Detail/2
105/06/03,3,確診臺南市1蛋雞場為新型禽流感案例，依標準作業程序啟動防疫機制，請相關業者加強防範,https://m.coa.gov.tw/Aigovinfo/Detail/3
105/06/01,4,確診雲林縣1土雞場為新型禽流感案例，依標準作業程序啟動防疫機制，請相關業者加強防範,https://m.coa.gov.tw/Aigovinfo/Detail/4
105/05/30,5,請家禽相關業者持續提高警覺，落實各項軟硬體生物安全工作，防範禽流感發生及傳播,https://m.coa.gov.tw/Aigovinfo/Detail/5
105/05/17,6,落實禽場軟硬體生物安全，主動通報疑似案例，防範禽流感發生及傳播,https://m.coa.gov.tw/Aigovinfo/Detail/6
105/05/12,7,臺北市及新北市屠宰場攔檢異常雞隻，經檢測非屬禽流感案例,https://m.coa.gov.tw/Aigovinfo/Detail/7
105/05/03,8,自主落實各項軟硬體生物安全措施，為防範禽流感首要工作,https://m.coa.gov.tw/Aigovinfo/Detail/8
105/04/29,9,屠宰線成功攔檢異常雞隻，確診感染新型H5亞型禽流感，依程序執行防疫處置,https://m.coa.gov.tw/Aigovinfo/Detail/9
105/04/20,10,確診臺南市1肉鵝場為新型禽流感案例，依標準作業程序啟動防疫機制，請相關業者加強防範,https://m.coa.gov.tw/Aigovinfo/Detail/10
105/07/13,11,積極輔導產業落實生物安全措施，降低禽流感發生及傳播風險,https://m.coa.gov.tw/Aigovinfo/Detail/11
106/01/24,12,「裝載生鮮禽蛋應使用一次性之裝載容器或包材」規定問答集,https://m.coa.gov.tw/Aigovinfo/Detail/12
106/02/11,13,確診首例禽場H5N6禽流感案例 超前布署提升防疫應變機制（動植物防疫檢疫局）,https://m.coa.gov.tw/Aigovinfo/Detail/13
106/02/10,14,主委再次視察地方養禽產業，勉勵第1線防疫同仁（動植物防疫檢疫局）,https://m.coa.gov.tw/Aigovinfo/Detail/14
106/02/10,15,宜蘭屠宰場截獲花蓮鴨隻確診H5N6禽流感，即時啟動應變機制（動植物防疫檢疫局）,https://m.coa.gov.tw/Aigovinfo/Detail/15
106/02/08,16,寒流來襲 林揆責成相關部會協助民眾預做防寒準備（行政院）,https://m.coa.gov.tw/Aigovinfo/Detail/16
106/02/08,17,政院召開記者會 四新任首長向國人說明施政理念（行政院）,https://m.coa.gov.tw/Aigovinfo/Detail/17
106/02/08,18,106-02-09 林主委視察禽流感防疫業務 中央與地方齊心協力防堵H5N6禽流感（行政院農業委員會）,https://m.coa.gov.tw/Aigovinfo/Detail/18
106/02/07,19,防疫視同作戰，衛福部長陳時中率防疫主管共同宣示全力對抗禽流感（衛生福利部疾病管制署）,https://m.coa.gov.tw/Aigovinfo/Detail/19
106/02/07,20,106-02-08 新主委上任首重防疫，農委會禽流感防疫提升為一級開設（行政院農業委員會）,https://m.coa.gov.tw/Aigovinfo/Detail/20
106/02/06,22,雲林於2月4日至6日期間清除3場罹染禽流感家禽 產銷業者應嚴加防範不可輕忽（動植物防疫檢疫局）,https://m.coa.gov.tw/Aigovinfo/Detail/22
106/02/12,23,因應H5N6禽流感，行政院召開應變中心會議，全力防堵疫情擴散（動植物防疫檢疫局）,https://m.coa.gov.tw/Aigovinfo/Detail/23
106/02/12,24,林揆：防疫就是作戰  加強禽流感防制措施與整備（行政院）,https://m.coa.gov.tw/Aigovinfo/Detail/24
106/02/12,25,嘉義縣查獲販售私宰禽肉 檢出H5N6及H5N2亞型禽流感（動植物防疫檢疫局）,https://m.coa.gov.tw/Aigovinfo/Detail/25
106/02/13,28,禁止花蓮家禽運往其他直轄市、縣市屠宰公告,https://m.coa.gov.tw/Aigovinfo/Detail/28
106/02/13,29,106年2月13日林揆：防疫就是作戰 加強禽流感防制措施與整備 (行政院林全院長出席「106年禽流感中央災害應變中心第1次會議」)（行政院）,https://m.coa.gov.tw/Aigovinfo/Detail/29
106/02/13,30,106-02-14 禽流感高風險期間，做好生物安全措施，未到位者暫時停止進養禽隻（行政院農業委員會）,https://m.coa.gov.tw/Aigovinfo/Detail/30
106/02/14,31,106-02-15 提醒養禽業者避開風險遭誤會  林主委籲回歸防疫（行政院農業委員會）,https://m.coa.gov.tw/Aigovinfo/Detail/31
106/02/14,32,本日確診4場H5禽流感，即時啟動應變機制（動植物防疫檢疫局）,https://m.coa.gov.tw/Aigovinfo/Detail/32
106/02/15,33,林揆指示超前部署 落實辦理禽流感防疫作為（行政院）,https://m.coa.gov.tw/Aigovinfo/Detail/33
106/02/15,34,106-02-16 2月17日起全國家禽禁宰禁運七天 白肉雞、洗選蛋不受影響（行政院農業委員會）,https://m.coa.gov.tw/Aigovinfo/Detail/34
106/02/15,35,2/13畜試所新聞稿-花蓮禽流感幼禽照片判斷過程說明,https://m.coa.gov.tw/Aigovinfo/Detail/35
106/02/14,36,106-02-15 提高業者主動通報 撲殺補償最高至八成（行政院農業委員會）,https://m.coa.gov.tw/Aigovinfo/Detail/36
106/04/18,37,疾管署因應國內禽場H5N6疫情，持續監測相關工作人員健康情形，並請民眾落實「5要6不」原則（衛生福利部疾病管制署）,https://m.coa.gov.tw/Aigovinfo/Detail/37
106/02/16,38,106-02-17 全國禁運禁宰首日實施情形說明（行政院農業委員會）,https://m.coa.gov.tw/Aigovinfo/Detail/38
106/02/16,39,「禁止輸送家禽及停止搬運家禽屠體措施」公告,https://m.coa.gov.tw/Aigovinfo/Detail/39
106/02/17,40,內政部全力執行禽流感防疫工作（內政部）,https://m.coa.gov.tw/Aigovinfo/Detail/40
106/02/17,41,嘉義2禽場確診禽流感 禽場防疫應落實執行（動植物防疫檢疫局）,https://m.coa.gov.tw/Aigovinfo/Detail/41
106/02/17,42,106-02-18 家禽禁運禁宰第二天主動通報案例增加  肉品魚類供應充足無虞（行政院農業委員會）,https://m.coa.gov.tw/Aigovinfo/Detail/42
106/02/17,43,環保單位總動員，巡查禽流感疫區（行政院環境保護署）,https://m.coa.gov.tw/Aigovinfo/Detail/43
106/02/17,44,鴨隻應經中央動物防疫機關指定之檢驗單位檢驗家禽流行性感冒陰性，並檢附檢驗報告，始得送往屠宰場公告,https://m.coa.gov.tw/Aigovinfo/Detail/44
106/02/18,45,106-02-19 持續執行多項強化監控措施，防堵禽流感疫情傳播（行政院農業委員會）,https://m.coa.gov.tw/Aigovinfo/Detail/45
106/02/19,46,106-02-20 七天禁宰禁運後續作法 將視未來三天各地疫情狀況動態調整（行政院農業委員會）,https://m.coa.gov.tw/Aigovinfo/Detail/46
106/02/20,47,106-02-21 七天禁宰是否再延三天尚未定案  將視疫情綜合評估後決定（行政院農業委員會）,https://m.coa.gov.tw/Aigovinfo/Detail/47
106/02/21,48,雲林縣再增1禽場感染H5N2禽流感，已完成防疫處置（動植物防疫檢疫局）,https://m.coa.gov.tw/Aigovinfo/Detail/48
106/02/21,49,106-2-22 修正「食用禽蛋運出家禽飼養場之防疫措施」第二點，並自即日生效。(動植物防疫檢疫局),https://m.coa.gov.tw/Aigovinfo/Detail/49
106/02/22,50,106-02-23 七天禁運禁宰效果見效將解禁  未來將強化產業與環境監測等防疫配套（行政院農業委員會）,https://m.coa.gov.tw/Aigovinfo/Detail/50
106/02/22,51,嘉義1鵝場疑患禽流感 採取預防性撲殺（動植物防疫檢疫局）,https://m.coa.gov.tw/Aigovinfo/Detail/51
106/02/22,52,林揆：禽流感各項防疫措施不可鬆懈 各相關部會保持警戒（行政院）,https://m.coa.gov.tw/Aigovinfo/Detail/52
106/02/23,53,106-02-24 持續強化禽流感防疫監控作為，主動發現2案例（行政院農業委員會）,https://m.coa.gov.tw/Aigovinfo/Detail/53
106/02/24,54,106-02-25 禁運禁宰發揮預期效果 主動通報確診病例增加（行政院農業委員會）,https://m.coa.gov.tw/Aigovinfo/Detail/54
106/02/25,55,106-02-26 中央地方連假停休清禽毒 李導演陰謀論非事實且無助防疫（行政院農業委員會）,https://m.coa.gov.tw/Aigovinfo/Detail/55
106/02/26,56,106-02-27 今日無新增H5N6案例 上市前主動監測鴨場案例增加在預期內（行政院農業委員會）,https://m.coa.gov.tw/Aigovinfo/Detail/56
106/02/27,57,106-02-28 又有一波寒流 請養禽業者做好防疫準備措施（行政院農業委員會）,https://m.coa.gov.tw/Aigovinfo/Detail/57
106/02/28,58,106-03-01 提升家禽飼養生物安全水準 確保產業永續發展（行政院農業委員會）,https://m.coa.gov.tw/Aigovinfo/Detail/58
106/03/01,59,106-03-02 持續精進禽流感防疫作為，逐步清除產銷環境病毒（行政院農業委員會）,https://m.coa.gov.tw/Aigovinfo/Detail/59
106/03/01,60,林揆：持續監控禽流感本土病毒 徹底落實防疫措施（行政院）,https://m.coa.gov.tw/Aigovinfo/Detail/60
106/03/01,61,禽流感恐慌下的守護者–家禽屠宰衛生合格標誌（動植物防疫檢疫局）,https://m.coa.gov.tw/Aigovinfo/Detail/61
106/03/02,62,106-03-03 持續推動禽流感各項防疫措施 穩定控制疫情（行政院農業委員會）,https://m.coa.gov.tw/Aigovinfo/Detail/62
106/03/02,63,2017年3月3日林揆品嚐家禽料理 籲請各界支持國產家禽產業(行政院長林全 出席農委會「國產禽品 安心享用」活動)（行政院）,https://m.coa.gov.tw/Aigovinfo/Detail/63
106/03/02,64,林揆品嚐家禽料理  籲請各界支持國產家禽產業（行政院）,https://m.coa.gov.tw/Aigovinfo/Detail/64
106/03/02,65,106-03-03 國產禽肉 安心享用 農委會邀請各界支持國產家禽產業（行政院農業委員會）,https://m.coa.gov.tw/Aigovinfo/Detail/65
106/03/03,66,106-03-04 任意棄置死禽，依法重罰（行政院農業委員會）,https://m.coa.gov.tw/Aigovinfo/Detail/66
106/03/04,67,106-03-05 防疫措施顯成果，疫情穩定控制中（行政院農業委員會）,https://m.coa.gov.tw/Aigovinfo/Detail/67
106/03/05,68,106-03-06 禁運禁宰沒有「玩假的」，H5N6疫情迅速控制未擴散（行政院農業委員會）,https://m.coa.gov.tw/Aigovinfo/Detail/68
106/03/06,69,106-03-07 賞鳥把握3原則，即可遠離禽流感（行政院農業委員會）,https://m.coa.gov.tw/Aigovinfo/Detail/69
106/03/07,70,106-03-08 嚴格取締違法私宰，防堵非法肉品流用（行政院農業委員會）,https://m.coa.gov.tw/Aigovinfo/Detail/70
106/03/08,71,106-03-09 肉品安全勤把關，民眾享用無負擔（行政院農業委員會）,https://m.coa.gov.tw/Aigovinfo/Detail/71
106/03/09,72,106-03-10 今日確診1例H5N6案例 農委會宣布 對花蓮地區採取移動管制及第三輪全面抽樣檢測（行政院農業委員會）,https://m.coa.gov.tw/Aigovinfo/Detail/72
106/03/10,73,106-03-11 今日無H5N6案例  農委會呼籲調整家禽產業結構以有效防堵禽流感（行政院農業委員會）,https://m.coa.gov.tw/Aigovinfo/Detail/73
106/03/11,74,106-03-12 碧湖公園1死亡鴨隻確診高病原禽流感 民眾掌握3原則，遠離禽流感（行政院農業委員會）,https://m.coa.gov.tw/Aigovinfo/Detail/74
106/03/12,75,106-03-13 積極落實各項防疫作為，逐步降低禽流感傳播風險（行政院農業委員會）,https://m.coa.gov.tw/Aigovinfo/Detail/75
106/03/13,76,106-03-14 維持跨部會合作機制，全力防堵禽流感疫情傳播（行政院農業委員會）,https://m.coa.gov.tw/Aigovinfo/Detail/76
106/03/14,77,106-03-15 因時因地制宜，現階段不再購買禽流感儲備疫苗（行政院農業委員會）,https://m.coa.gov.tw/Aigovinfo/Detail/77
106/03/15,78,106-03-16 農委會持續推動雞蛋使用一次性包材，積極輔導設立雞蛋洗選集貨場（行政院農業委員會）,https://m.coa.gov.tw/Aigovinfo/Detail/78
106/03/16,79,106-03-17 禽流感儲備疫苗採購過程公開透明，可受公評（行政院農業委員會）,https://m.coa.gov.tw/Aigovinfo/Detail/79
106/03/19,80,106-03-20 洗選蛋有助提升蛋品衛生，現階段仍持續推動禽蛋使用一次性容器或包材（行政院農業委員會）,https://m.coa.gov.tw/Aigovinfo/Detail/80
106/03/21,81,106-03-22 積極推動防疫監控措施，疫情穩定控制中（行政院農業委員會）,https://m.coa.gov.tw/Aigovinfo/Detail/81
106/03/30,82,106-03-31 鴨隻屠前檢測奏效，禽流感陽性率逐漸下降（行政院農業委員會）,https://m.coa.gov.tw/Aigovinfo/Detail/82
106/04/04,83,近期屠宰場發現禽流感確診案例，呼籲業者持續落實各項防疫作為（動植物防疫檢疫局）,https://m.coa.gov.tw/Aigovinfo/Detail/83
106/04/18,84,疾管署就讀者針對H7N9防疫投書媒體之回應（衛生福利部疾病管制署）,https://m.coa.gov.tw/Aigovinfo/Detail/84
106/05/03,85,落實非開放式禽舍，杜絕防疫漏洞（行政院農業委員會）,https://m.coa.gov.tw/Aigovinfo/Detail/85
106/05/04,87,林揆：禽流感防疫回歸常態運作 仍請農委會持續保持警戒（行政院）,https://m.coa.gov.tw/Aigovinfo/Detail/87
106/05/04,88,成功控制H5N6禽流感疫情 禽流感中央災害應變中心達成階段性任務（行政院農業委員會）,https://m.coa.gov.tw/Aigovinfo/Detail/88
106/05/06,89,禽流感防疫機制持續運作，於屠宰場攔截疑似病禽（動植物防疫檢疫局）,https://m.coa.gov.tw/Aigovinfo/Detail/89
106/05/09,91,防疫未鬆懈，雙北屠宰場攔獲異常屠體確診為H5N8禽流感（動植物防疫檢疫局）,https://m.coa.gov.tw/Aigovinfo/Detail/91
106/05/26,92,禽流感防疫機制有效運作，於屠宰場攔截禽流感病禽（動植物防疫檢疫局）,https://m.coa.gov.tw/Aigovinfo/Detail/92
106/05/31,93,疾管署提升中國大陸內蒙古自治區新型A型流感旅遊疫情建議至第二級警示（Alert）（衛生福利部疾病管制署）,https://m.coa.gov.tw/Aigovinfo/Detail/93
106/06/08,94,「國外輸入鳥類實施隔離檢疫」自106年4月1日起開跑!（動植物防疫檢疫局）,https://m.coa.gov.tw/Aigovinfo/Detail/94
106/06/10,95,回應媒體報導「亞泥比五年前拍攝時挖得更深、礦權展限需環評」（經濟部）,https://m.coa.gov.tw/Aigovinfo/Detail/95
106/06/22,96,全國農業行政首長台中大會師  凝聚共識商議農業大未來（行政院農業委員會）,https://m.coa.gov.tw/Aigovinfo/Detail/96
106/07/03,97,禽流感防疫機制未曾鬆懈，於屠宰場攔截禽流感病禽（動植物防疫檢疫局）,https://m.coa.gov.tw/Aigovinfo/Detail/97
106/07/24,98,H5N6禽流感逾3個月無案例 正式向世界衛生組織（OIE）通報結案（行政院農業委員會）,https://m.coa.gov.tw/Aigovinfo/Detail/98
106/08/21,99,屠宰場攔截禽流感病禽，請業者持續落實各項防疫工作（動植物防疫檢疫局）,https://m.coa.gov.tw/Aigovinfo/Detail/99
106/09/03,100,禽流感防疫工作持續推展，屠宰場攔截禽流感病禽（動植物防疫檢疫局）,https://m.coa.gov.tw/Aigovinfo/Detail/100
106/10/30,101,逐漸進入禽流感好發期，加強環境監測及預警措施，籲請養禽業者加強防範（動植物防疫檢疫局）,https://m.coa.gov.tw/Aigovinfo/Detail/101
106/11/14,102,透過產、官、學會議平臺腦力激盪，強化禽流感因應及防疫作為（動植物防疫檢疫局）,https://m.coa.gov.tw/Aigovinfo/Detail/102
106/11/20,103,籲請產業加強防範，共同防堵禽流感案例發生及傳播（動植物防疫檢疫局）,https://m.coa.gov.tw/Aigovinfo/Detail/103
106/11/20,104,請落實「5要6不」原則，防範禽流感與新型A型流感（衛生福利部疾病管制署）,https://m.coa.gov.tw/Aigovinfo/Detail/104
106/12/03,105,農委會林主委視察家禽交易場  宣布多項強化防疫新措施（行政院農業委員會）,https://m.coa.gov.tw/Aigovinfo/Detail/105
106/12/04,106,國內進入禽流感流行季節，已有候鳥檢出H5N6病毒，民眾請遵守「5要6不」原則（衛生福利部疾病管制署）,https://m.coa.gov.tw/Aigovinfo/Detail/106
106/12/06,108,賴揆：新科技導入智慧防災應用 為民眾營造更安全和安心的家園 （行政院）,https://m.coa.gov.tw/Aigovinfo/Detail/108
106/12/18,109,兼顧特殊雞種產業需求與發展 落實輔導禽場強化禽流感防範措施（行政院農業委員會）,https://m.coa.gov.tw/Aigovinfo/Detail/109
106/12/20,110,農委會加強推動農業保險，於臺南官田及玉井辦理宣導座談會（行政院農業委員會）,https://m.coa.gov.tw/Aigovinfo/Detail/110
106/12/25,111,鴨場於主動監測首次檢出低病原性H5N6禽流感，持續執行各項防疫作為（動植物防疫檢疫局）,https://m.coa.gov.tw/Aigovinfo/Detail/111
107/01/01,112,及時處理禽流感疫情，並即時公開資訊（動植物防疫檢疫局）,https://m.coa.gov.tw/Aigovinfo/Detail/112
107/01/02,113,禽流感疫情資訊透明公開，積極控制禽流感疫情（行政院農業委員會）,https://m.coa.gov.tw/Aigovinfo/Detail/113
107/01/03,114,賴揆：持續監控流感與禽流感疫情  加強防治整備作為（行政院）,https://m.coa.gov.tw/Aigovinfo/Detail/114
107/01/04,115,全國農業行政首長座談會移師高雄  共商我國新農業格局（行政院農業委員會）,https://m.coa.gov.tw/Aigovinfo/Detail/115
107/01/04,116,雲林縣1土雞場主動通報檢出H5N2高病原性禽流感，請業者加強防範（動植物防疫檢疫局）,https://m.coa.gov.tw/Aigovinfo/Detail/116
107/01/04,117,嚴禁隨意丟棄死禽 違者裁罰（動植物防疫檢疫局）,https://m.coa.gov.tw/Aigovinfo/Detail/117
107/01/06,118,新農業創新推動方案已完成基礎佈建 並有階段性成果（行政院農業委員會）,https://m.coa.gov.tw/Aigovinfo/Detail/118
107/01/06,119,雲林禽場確診禽流感，已執行防疫處置（動植物防疫檢疫局）,https://m.coa.gov.tw/Aigovinfo/Detail/119
107/01/07,120,寒流來襲  政院責請相關部會嚴防寒害（行政院）,https://m.coa.gov.tw/Aigovinfo/Detail/120
107/01/11,121,日本韓國發生禽流感疫情  屏東禽場確診鴨隻禽流感案例（動植物防疫檢疫局）,https://m.coa.gov.tw/Aigovinfo/Detail/121
107/01/12,122,屏東鴨場確診禽流感 依程序執行防疫處置（動植物防疫檢疫局）,https://m.coa.gov.tw/Aigovinfo/Detail/122
107/01/13,123,雲林鴨場確診禽流感 依程序執行防疫處置（動植物防疫檢疫局）,https://m.coa.gov.tw/Aigovinfo/Detail/123
107/01/14,124,107年1月16日至107年3月31日止，鴨隻應檢附家禽流行性感冒陰性檢驗報告，始得送往屠宰場公告（動植物防疫檢疫局）,https://m.coa.gov.tw/Aigovinfo/Detail/124
107/01/14,125,啟動第二階段禽流感強化預警監測措施，鴨隻上市須檢附檢驗報告（動植物防疫檢疫局）,https://m.coa.gov.tw/Aigovinfo/Detail/125
107/01/15,126,屠宰場攔截禽流感病禽，依標準作業程序執行防疫處置（動植物防疫檢疫局）,https://m.coa.gov.tw/Aigovinfo/Detail/126
107/01/18,128,禽場確診禽流感案例，依程序執行防疫處置（動植物防疫檢疫局）,https://m.coa.gov.tw/Aigovinfo/Detail/128
107/01/19,129,通報H5N8結案，積極禽場確診禽流感案例處置（動植物防疫檢疫局）,https://m.coa.gov.tw/Aigovinfo/Detail/129
107/01/21,130,屏東禽場確診禽流感案例，依程序執行防疫處置（動植物防疫檢疫局）,https://m.coa.gov.tw/Aigovinfo/Detail/130
107/01/22,131,民眾安排冬季奧運觀賽及寒假出國旅遊注意個人衛生，別把傳染病當紀念品（衛生福利部疾病管制署）,https://m.coa.gov.tw/Aigovinfo/Detail/131
107/01/24,132,臺中及雲林禽場確診禽流感案例，依程序執行防疫處置（動植物防疫檢疫局）,https://m.coa.gov.tw/Aigovinfo/Detail/132
107/01/24,133,廢止「食用禽蛋運出家禽飼養場之防疫措施」公告（動植物防疫檢疫局）,https://m.coa.gov.tw/Aigovinfo/Detail/133
107/01/26,134,雲林禽場確診禽流感案例，依程序執行防疫處置（動植物防疫檢疫局）,https://m.coa.gov.tw/Aigovinfo/Detail/134
107/01/27,135,新北屠宰場攔截禽流感病禽，依標準作業程序執行防疫處置（動植物防疫檢疫局）,https://m.coa.gov.tw/Aigovinfo/Detail/135
107/01/28,136,彰化及臺南禽場確診禽流感案例，依程序執行防疫處置（動植物防疫檢疫局）,https://m.coa.gov.tw/Aigovinfo/Detail/136
107/01/30,137,國際禽流感疫情嚴峻，國內確診案例依程序執行防疫處置（動植物防疫檢疫局）,https://m.coa.gov.tw/Aigovinfo/Detail/137
107/01/31,138,農委會年終回顧與展望  幸福農業全民共享（行政院農業委員會）,https://m.coa.gov.tw/Aigovinfo/Detail/138
107/02/01,139,鴨場加強監測檢出低病原性H5N6禽流感，採取積極防疫處置措施（動植物防疫檢疫局）,https://m.coa.gov.tw/Aigovinfo/Detail/139
107/02/02,140,1至3月為禽流感好發期，請業者落實各項生物安全工作（動植物防疫檢疫局）,https://m.coa.gov.tw/Aigovinfo/Detail/140
107/02/03,141,寒流來襲，禽流感防疫工作持續運作中（動植物防疫檢疫局）,https://m.coa.gov.tw/Aigovinfo/Detail/141
107/02/04,142,禽流感防疫無假期，作好春節整備工作（動植物防疫檢疫局）,https://m.coa.gov.tw/Aigovinfo/Detail/142
107/02/05,143,屏東鴨隻確診H5N8禽流感，將依程序通報世界動物衛生組織（動植物防疫檢疫局）,https://m.coa.gov.tw/Aigovinfo/Detail/143
107/02/07,144,雲林、屏東禽場確診禽流感案例，依程序執行防疫處置（動植物防疫檢疫局）,https://m.coa.gov.tw/Aigovinfo/Detail/144
107/02/08,145,屏東鴨場確診禽流感案例，依程序執行防疫處置（動植物防疫檢疫局）,https://m.coa.gov.tw/Aigovinfo/Detail/145
107/02/09,146,春節期間防疫無假期，請業者持續落實推動各項禽流感防疫工作（動植物防疫檢疫局）,https://m.coa.gov.tw/Aigovinfo/Detail/146
107/02/12,148,中國大陸廣東省出現H7N9流感病例，春節期間計劃前往當地的民眾請落實「5要6不」原則（衛生福利部疾病管制署）,https://m.coa.gov.tw/Aigovinfo/Detail/148
107/02/13,149,春節前加強違法屠宰查緝，為民眾食肉安全把關（動植物防疫檢疫局）,https://m.coa.gov.tw/Aigovinfo/Detail/149
107/02/14,150,春節期間持續各項防疫工作，前往大陸遵守5要6不（動植物防疫檢疫局）,https://m.coa.gov.tw/Aigovinfo/Detail/150
107/02/17,151,利用春節期間加強產銷環境清潔消毒，共同防堵禽流感（動植物防疫檢疫局）,https://m.coa.gov.tw/Aigovinfo/Detail/151
107/02/26,152,雲林火雞場確診禽流感案例，依程序執行防疫處置（動植物防疫檢疫局）,https://m.coa.gov.tw/Aigovinfo/Detail/152
107/03/01,153,近期仍有禽流感零星案例發生，請業者嚴加防範（動植物防疫檢疫局）,https://m.coa.gov.tw/Aigovinfo/Detail/153
107/03/03,154,雲林確診禽流感案例，禽場應加強落實自主生物安全（動植物防疫檢疫局）,https://m.coa.gov.tw/Aigovinfo/Detail/154
107/03/04,155,臺北屠宰場攔截禽流感病禽，依標準作業程序執行防疫處置（動植物防疫檢疫局）,https://m.coa.gov.tw/Aigovinfo/Detail/155
107/03/08,156,國際禽流感疫情嚴峻，國內持續執行各項防疫監測工作（動植物防疫檢疫局）,https://m.coa.gov.tw/Aigovinfo/Detail/156
107/03/11,157,雲林、屏東禽場確診禽流感案例，依程序執行防疫處置（動植物防疫檢疫局）,https://m.coa.gov.tw/Aigovinfo/Detail/157
107/03/08,158,國際禽流感疫情嚴峻，國內持續執行各項防疫監測工作（動植物防疫檢疫局）,https://m.coa.gov.tw/Aigovinfo/Detail/158
107/03/04,159,臺北屠宰場攔截禽流感病禽，依標準作業程序執行防疫處置（動植物防疫檢疫局）,https://m.coa.gov.tw/Aigovinfo/Detail/159
107/03/03,160,雲林確診禽流感案例，禽場應加強落實自主生物安全（動植物防疫檢疫局）,https://m.coa.gov.tw/Aigovinfo/Detail/160
107/03/01,161,近期仍有禽流感零星案例發生，請業者嚴加防範（動植物防疫檢疫局）,https://m.coa.gov.tw/Aigovinfo/Detail/161
107/03/14,162,生物安全為防堵禽流感傳播之首要工作，請業者落實執行（動植物防疫檢疫局）,https://m.coa.gov.tw/Aigovinfo/Detail/162
107/03/18,163,雲林禽場確診禽流感案例，依程序執行防疫處置（動植物防疫檢疫局）,https://m.coa.gov.tw/Aigovinfo/Detail/163
107/03/30,164,雲林蛋雞場發生禽流感案例，請持續落實執行各項軟硬體生物安全措施（動植物防疫檢疫局）,https://m.coa.gov.tw/Aigovinfo/Detail/164
107/03/31,165,屏東鴨場確診禽流感案例，依程序執行防疫處置（動植物防疫檢疫局）,https://m.coa.gov.tw/Aigovinfo/Detail/165
107/04/01,167,雲林鵝場確診禽流感案例，請業者持續加強防範（動植物防疫檢疫局）,https://m.coa.gov.tw/Aigovinfo/Detail/167
107/04/04,168,雲林鵝場確診禽流感案例，請業者依規定主動通報疫情（動植物防疫檢疫局）,https://m.coa.gov.tw/Aigovinfo/Detail/168
107/04/05,169,雲林鴨場確診禽流感案例，依程序執行防疫處置（動植物防疫檢疫局）,https://m.coa.gov.tw/Aigovinfo/Detail/169
107/04/11,170,彰化土雞場確診禽流感案例，依程序執行防疫處置（動植物防疫檢疫局）,https://m.coa.gov.tw/Aigovinfo/Detail/170
107/04/12,171,仍有零星禽流感散發案例，籲請業者落實生物安全（動植物防疫檢疫局）,https://m.coa.gov.tw/Aigovinfo/Detail/171
107/04/15,172,臺南土雞場確診禽流感案例，請業者落實各項生物安全工作（動植物防疫檢疫局）,https://m.coa.gov.tw/Aigovinfo/Detail/172
107/04/19,173,2018臺美農業科學合作會議圓滿成功（行政院農業委員會）,https://m.coa.gov.tw/Aigovinfo/Detail/173
107/04/22,174,雲林禽場確診禽流感案例，請業者發現禽隻異常死亡應主動通報（動植物防疫檢疫局）,https://m.coa.gov.tw/Aigovinfo/Detail/174
107/04/22,175,預告修正「動物運輸車輛及裝載箱籠清洗消毒措施」第7點,https://m.coa.gov.tw/Aigovinfo/Detail/175
107/04/22,176,雲林及屏東禽場確診禽流感案例，請業者配合防疫及監測措施（動植物防疫檢疫局）,https://m.coa.gov.tw/Aigovinfo/Detail/176
107/04/10,177,107年3月31日農業保險投保情形（農業金融局）,https://m.coa.gov.tw/Aigovinfo/Detail/177
107/05/05,178,雲林鵝場確診禽流感案例，請業者落實軟硬體生物安全措施（動植物防疫檢疫局）,https://m.coa.gov.tw/Aigovinfo/Detail/178
107/05/09,179,107年4月30日農業保險投保情形（農業金融局）,https://m.coa.gov.tw/Aigovinfo/Detail/179
107/05/10,180,攔截屠宰場禽流感病禽，依標準作業程序執行防疫處置（動植物防疫檢疫局）,https://m.coa.gov.tw/Aigovinfo/Detail/180
107/05/16,181,北禽屠宰場攔截禽流感病禽，依標準作業程序執行防疫處置（動植物防疫檢疫局）,https://m.coa.gov.tw/Aigovinfo/Detail/181
107/05/17,182,雲林禽場確診禽流感案例，依程序執行防疫處置（動植物防疫檢疫局）,https://m.coa.gov.tw/Aigovinfo/Detail/182
107/05/24,183,雲林及臺南禽場確診禽流感案例，請業者持續加強場內生物安全工作（動植物防疫檢疫局）,https://m.coa.gov.tw/Aigovinfo/Detail/183
107/05/21,184,開辦國外輸入鳥類隔離檢疫一年 滿意度超過九成（動植物防疫檢疫局）,https://m.coa.gov.tw/Aigovinfo/Detail/184
107/06/02,185,彰化及雲林禽場確診禽流感案例，請業者落實軟硬體生物安全工作（動植物防疫檢疫局）,https://m.coa.gov.tw/Aigovinfo/Detail/185
107/05/09,186,107年4月30日農業保險投保情形（農業金融局）,https://m.coa.gov.tw/Aigovinfo/Detail/186
107/06/09,188,臺南鴨場確診禽流感案例，請業者落實防疫，不可掉以輕心（動植物防疫檢疫局）,https://m.coa.gov.tw/Aigovinfo/Detail/188
107/06/18,189,擴大試辦農業保險，有效降低農民經營風險（農業金融局）,https://m.coa.gov.tw/Aigovinfo/Detail/189
107/06/24,190,雲林鴨場確診禽流感案例，請業者落實防疫（動植物防疫檢疫局）,https://m.coa.gov.tw/Aigovinfo/Detail/190
107/06/29,191,雲林鴨場確診禽流感案例，落實生物安全為防堵案例發生的首要工作（動植物防疫檢疫局）,https://m.coa.gov.tw/Aigovinfo/Detail/191
107/07/04,192,雲林火雞場確診禽流感案例，請業者加強防範（動植物防疫檢疫局）,https://m.coa.gov.tw/Aigovinfo/Detail/192
107/07/04,193,107年6月30日農業保險投保情形（農業金融局）,https://m.coa.gov.tw/Aigovinfo/Detail/193
107/07/07,194,颱風將侵襲台灣，請業者做好防颱準備，落實禽場生物安全（動植物防疫檢疫局）,https://m.coa.gov.tw/Aigovinfo/Detail/194
107/07/30,195,雲林禽場確診禽流感案例，請業者落實禽場生物安全（動植物防疫檢疫局）,https://m.coa.gov.tw/Aigovinfo/Detail/195
107/08/05,196,107年7月31日農業保險投保情形（農業金融局）,https://m.coa.gov.tw/Aigovinfo/Detail/196
107/08/15,197,屏東雞場確診禽流感案例，請業者加強禽場生物安全（動植物防疫檢疫局）,https://m.coa.gov.tw/Aigovinfo/Detail/197
107/08/26,198,災後救助從速從簡  協助農民復耕復養 農產品穩定供應  請消費者放心（行政院農業委員會）,https://m.coa.gov.tw/Aigovinfo/Detail/198
107/08/26,199,"高雄市屠宰場攔截禽流感禽隻，
依標準作業程序執行防疫處置（動植物防疫檢疫局）",https://m.coa.gov.tw/Aigovinfo/Detail/199
107/08/28,200,雲林雞場確診禽流感案例，請業者落實禽場生物安全（動植物防疫檢疫局）,https://m.coa.gov.tw/Aigovinfo/Detail/200
107/09/03,201,農業保險理賠 彌補農友天災損失（行政院農業委員會）,https://m.coa.gov.tw/Aigovinfo/Detail/201
107/09/03,202,農業保險理賠 彌補農友天災損失（農業金融局）,https://m.coa.gov.tw/Aigovinfo/Detail/202
107/09/05,203,雲林禽場確診禽流感案例，依標準作業程序執行防疫處置（動植物防疫檢疫局）,https://m.coa.gov.tw/Aigovinfo/Detail/203
107/09/09,204,107年8月31日農業保險投保情形（農業金融局）,https://m.coa.gov.tw/Aigovinfo/Detail/204
107/09/10,205,公告修正「禁止未檢附健康證明書之家禽輸送至屠宰場之防疫措施」第四點及第三點附件一,https://m.coa.gov.tw/Aigovinfo/Detail/205
107/09/18,206,雲林種鵝場確診禽流感案例，請業者落實禽場生物安全（動植物防疫檢疫局）,https://m.coa.gov.tw/Aigovinfo/Detail/206
107/09/27,208,屏東丟棄死鴨確診禽流感 違法棄置者將受裁罰（動植物防疫檢疫局）,https://m.coa.gov.tw/Aigovinfo/Detail/208
107/10/05,209,禽場及屠宰場確診禽流感案例，依標準作業程序執行防疫處置（動植物防疫檢疫局）,https://m.coa.gov.tw/Aigovinfo/Detail/209
107/10/07,210,107年9月30日農業保險投保情形（農業金融局）,https://m.coa.gov.tw/Aigovinfo/Detail/210
107/10/22,211,增加試辦農業保險品項，保障農民經營農業風險（農業金融局）,https://m.coa.gov.tw/Aigovinfo/Detail/211
107/10/23,212,雲林火雞場確診禽流感案例，依標準作業程序執行防疫處置（動植物防疫檢疫局）,https://m.coa.gov.tw/Aigovinfo/Detail/212
107/10/21,213,2018禽流感暨動物疾病防控國際研討會-加強我國參與國際防疫合作與經驗交流（行政院農業委員會）,https://m.coa.gov.tw/Aigovinfo/Detail/213
107/11/05,214,107年10月31日農業保險投保情形（農業金融局）,https://m.coa.gov.tw/Aigovinfo/Detail/214
107/11/10,215,中國漁船故障進高雄港維修，所載運之肉類及動植物食品已於船上封存，不得下船著陸（動植物防疫檢疫局）,https://m.coa.gov.tw/Aigovinfo/Detail/215
107/11/11,216,"「禽流感防控研究中心」揭牌啟用
肩負平日研究預判，戰時支援防疫任務（動植物防疫檢疫局）",https://m.coa.gov.tw/Aigovinfo/Detail/216
107/11/11,217,雲林火雞場確診禽流感案例，請業者落實禽場生物安全（動植物防疫檢疫局）,https://m.coa.gov.tw/Aigovinfo/Detail/217
107/11/12,218,天冷了！鬥陣來對抗禽流感、甩開新型A型流感！（衛生福利部疾病管制署）,https://m.coa.gov.tw/Aigovinfo/Detail/218
107/11/20,219,預防新型A型流感 美食玩客林彥君與防疫醫師帶你共度防疫好食光（衛生福利部疾病管制署）,https://m.coa.gov.tw/Aigovinfo/Detail/219
107/11/22,220,疾管署提升中國大陸江蘇省新型A型流感旅遊疫情建議至第二級警示（Alert）（衛生福利部疾病管制署）,https://m.coa.gov.tw/Aigovinfo/Detail/220
107/11/24,221,雲林丟棄死鵝及鴨場確診禽流感 違法棄置將受裁罰（動植物防疫檢疫局）,https://m.coa.gov.tw/Aigovinfo/Detail/221
107/12/07,222,雲林2鴨場確診禽流感案例，依標準作業程序執行防疫處置（動植物防疫檢疫局）,https://m.coa.gov.tw/Aigovinfo/Detail/222
107/12/09,223,107年11月30日農業保險投保情形（農業金融局）,https://m.coa.gov.tw/Aigovinfo/Detail/223
107/12/12,224,"動物傳染病防治條例第45條之1明日實施
旅客違規攜帶肉品入境最高裁罰100萬元（動植物防疫檢疫局）",https://m.coa.gov.tw/Aigovinfo/Detail/224
107/12/15,225,彰化雞場確診禽流感案例，請業者加強禽場生物安全（動植物防疫檢疫局）,https://m.coa.gov.tw/Aigovinfo/Detail/225
107/12/18,226,桃園鵝場確診禽流感案例，依標準作業程序執行防疫處置（動植物防疫檢疫局）,https://m.coa.gov.tw/Aigovinfo/Detail/226
107/12/25,228,農委會：花蓮死豬確定未染非洲豬瘟  建議重罰造謠者 呼籲陸方循協議主動分享疫情資訊（行政院農業委員會）,https://m.coa.gov.tw/Aigovinfo/Detail/228
107/12/29,229,雲林火雞場確診禽流感案例，請業者落實禽場生物安全（動植物防疫檢疫局）,https://m.coa.gov.tw/Aigovinfo/Detail/229
108/01/05,230,雲林鴨場確診禽流感案例，依標準作業程序執行防疫處置（動植物防疫檢疫局）,https://m.coa.gov.tw/Aigovinfo/Detail/230
108/01/08,231,氣候變化影響產蛋率，非媒體報導所稱有大量雞隻死亡（行政院農業委員會）,https://m.coa.gov.tw/Aigovinfo/Detail/231
108/01/09,232,107年12月31日農業保險投保情形（農業金融局）,https://m.coa.gov.tw/Aigovinfo/Detail/232
108/01/16,233,雲林鴨場確診禽流感案例，籲請業者落實禽場生物安全（動植物防疫檢疫局）,https://m.coa.gov.tw/Aigovinfo/Detail/233
108/01/16,234,口蹄疫儲備疫苗無空窗 加強消毒防範非洲豬瘟 確保畜牧產業永續發展（行政院農業委員會）,https://m.coa.gov.tw/Aigovinfo/Detail/234
108/01/20,235,屏東鴨場確診禽流感案例，籲請業者配合防疫監控措施（動植物防疫檢疫局）,https://m.coa.gov.tw/Aigovinfo/Detail/235
108/01/21,236,推動農業保險，協助農民因應氣候變遷，保障收入安全（行政院農業委員會）,https://m.coa.gov.tw/Aigovinfo/Detail/236
108/01/21,237,推動農業保險，協助農民因應氣候變遷，保障收入安全（農業金融局）,https://m.coa.gov.tw/Aigovinfo/Detail/237
108/01/22,238,去年禽流感案例顯著減少  養禽業者需持續落實生物安全措施（行政院農業委員會）,https://m.coa.gov.tw/Aigovinfo/Detail/238
108/01/25,239,新竹縣二處丟棄死雞確診禽流感 違法棄置者將受裁罰（動植物防疫檢疫局）,https://m.coa.gov.tw/Aigovinfo/Detail/239
108/01/28,240,持續推動釋迦保險試辦，保障農民收入（行政院農業委員會）,https://m.coa.gov.tw/Aigovinfo/Detail/240
108/01/28,241,雲林雞場確診禽流感案例，請業者落實禽場生物安全（動植物防疫檢疫局）,https://m.coa.gov.tw/Aigovinfo/Detail/241
108/01/31,242,雲林火雞場確診禽流感案例，請業者重視禽場生物安全（動植物防疫檢疫局）,https://m.coa.gov.tw/Aigovinfo/Detail/242
108/02/01,243,聯合醫院流感群聚疫情監測期滿，相關接觸者全數解除追蹤；另提升中國大陸湖南省新型A型流感旅遊疫情建議等級至第二級警示（Alert）（衛生福利部疾病管制署）,https://m.coa.gov.tw/Aigovinfo/Detail/243
108/02/17,244,彰化雞場確診禽流感案例，依標準作業程序執行防疫處置（動植物防疫檢疫局）,https://m.coa.gov.tw/Aigovinfo/Detail/244
108/02/17,245,108年1月31日農業保險投保情形（農業金融局）,https://m.coa.gov.tw/Aigovinfo/Detail/245
108/02/22,247,雲林雞場確診禽流感案例，請業者落實禽場生物安全（動植物防疫檢疫局）,https://m.coa.gov.tw/Aigovinfo/Detail/247
108/02/18,248,"311家農漁會信用部提供代收國民年金保險費、水電費等服務，計1.3億筆，金額5,015億元，便利民眾繳費（農業金融局）",https://m.coa.gov.tw/Aigovinfo/Detail/248
108/02/25,249,屏東土雞場確診禽流感案例，請業者落實禽場生物安全（動植物防疫檢疫局）,https://m.coa.gov.tw/Aigovinfo/Detail/249
108/02/26,250,雲林土雞場確診禽流感案例，呼籲業者切勿輕忽禽場生物安全（動植物防疫檢疫局）,https://m.coa.gov.tw/Aigovinfo/Detail/250
108/02/24,251,專案農貸電話諮詢個案處理情形，統計截止日:108年2月21日（農業金融局）,https://m.coa.gov.tw/Aigovinfo/Detail/251
108/03/04,252,寒假旅遊旺季，提醒民眾留意國際疫情做好自我保護（衛生福利部疾病管制署）,https://m.coa.gov.tw/Aigovinfo/Detail/252
108/03/06,253,108年2月28日農業保險投保情形（農業金融局）,https://m.coa.gov.tw/Aigovinfo/Detail/253
108/03/07,254,彰化雞場確診禽流感案例，鄰近禽場應提高警覺落實生物安全（動植物防疫檢疫局）,https://m.coa.gov.tw/Aigovinfo/Detail/254
108/03/07,255,108年1月底全體農漁會信用部逾期放款情形（農業金融局）,https://m.coa.gov.tw/Aigovinfo/Detail/255
108/03/14,256,"彰化芳苑雞場確診禽流感案例，
養禽場如有異常死亡應立即通報（動植物防疫檢疫局）",https://m.coa.gov.tw/Aigovinfo/Detail/256
108/03/10,257,桃園市龍潭區、楊梅區、平鎮區、觀音區及新屋區等5家農會（聯合共用中心第二批會員）3月11日順利轉入農漁會資訊共用系統（農業金融局）,https://m.coa.gov.tw/Aigovinfo/Detail/257
108/03/18,258,關渡公園丟棄死雞確診禽流感 違法棄置者將裁罰（動植物防疫檢疫局）,https://m.coa.gov.tw/Aigovinfo/Detail/258
108/03/19,259,930310流感疫情監測資料週報（衛生福利部疾病管制署）,https://m.coa.gov.tw/Aigovinfo/Detail/259
108/03/21,260,未登記之農業研發產品  不可宣稱療效  以免違法（動植物防疫檢疫局）,https://m.coa.gov.tw/Aigovinfo/Detail/260
108/03/21,261,屠宰場及關渡公園確診禽流感案例 依標準作業程序執行防疫處置（動植物防疫檢疫局）,https://m.coa.gov.tw/Aigovinfo/Detail/261
108/03/21,262,未登記之農業研發產品 不可宣稱療效 以免違法（動植物防疫檢疫局）,https://m.coa.gov.tw/Aigovinfo/Detail/262
108/03/24,263,雲林土雞場確診禽流感案例，呼籲業者建立禽場生物安全措施（動植物防疫檢疫局）,https://m.coa.gov.tw/Aigovinfo/Detail/263
108/03/10,264,專案農貸電話諮詢個案處理情形，統計截止日:108年3月8日（農業金融局）,https://m.coa.gov.tw/Aigovinfo/Detail/264
108/03/26,265,各港口、機場防（檢）疫全年無休，春節期間防疫無假期（衛生福利部疾病管制署）,https://m.coa.gov.tw/Aigovinfo/Detail/265
108/03/27,266,屠宰場確診禽流感案例 依標準作業程序執行防疫處置（動植物防疫檢疫局）,https://m.coa.gov.tw/Aigovinfo/Detail/266
108/03/31,268,屠宰場確診禽流感案例 依標準作業程序執行防疫處置（動植物防疫檢疫局）,https://m.coa.gov.tw/Aigovinfo/Detail/268
108/04/04,269,雲林土雞場確診禽流感案例，呼籲業者重視生物安全（動植物防疫檢疫局）,https://m.coa.gov.tw/Aigovinfo/Detail/269
108/04/10,270,108年3月31日農業保險投保情形（農業金融局）,https://m.coa.gov.tw/Aigovinfo/Detail/270
108/04/10,271,屠宰場確診禽流感案例 依標準作業程序執行防疫處置（動植物防疫檢疫局）,https://m.coa.gov.tw/Aigovinfo/Detail/271
108/04/14,272,雲林土雞場確診禽流感案例，呼籲業者落實禽場生物安全措施（動植物防疫檢疫局）,https://m.coa.gov.tw/Aigovinfo/Detail/272
108/07/20,275,"彰化鴨場確診禽流感案例，
呼籲業者加強清潔消毒共同維護產業發展（動植物防疫檢疫局）",https://m.coa.gov.tw/Aigovinfo/Detail/275
108/07/17,276,推動制定農業保險專法，穩定農民收入（行政院農業委員會）,https://m.coa.gov.tw/Aigovinfo/Detail/276
108/07/17,277,行政院通過「農業保險法」草案，讓農民不再看天吃飯（行政院農業委員會）,https://m.coa.gov.tw/Aigovinfo/Detail/277
108/07/17,278,雲林土雞場確診禽流感案例，籲請業者重視禽場生物安全（動植物防疫檢疫局）,https://m.coa.gov.tw/Aigovinfo/Detail/278
108/07/17,279,推動制定農業保險專法，穩定農民收入（農業金融局）,https://m.coa.gov.tw/Aigovinfo/Detail/279
108/07/17,280,行政院通過「農業保險法」草案，讓農民不再看天吃飯（農業金融局）,https://m.coa.gov.tw/Aigovinfo/Detail/280
108/07/07,281,函轉金融監督管理委員會有關銀行辦理個人購屋貸款及消費性無擔保貸款遲延利息及違約金計收基礎處理原則，請配合辦理。（農業金融局）,https://m.coa.gov.tw/Aigovinfo/Detail/281
108/07/07,282,專案農貸電話諮詢個案處理情形，統計截止日:108年7月5日（農業金融局）,https://m.coa.gov.tw/Aigovinfo/Detail/282
108/04/16,283,公告高雄屏東地區降水量參數養殖水產保險為108年度農委會補助養殖業者投保之養殖漁業天然災害保險商品（農業金融局）,https://m.coa.gov.tw/Aigovinfo/Detail/283
108/04/16,284,公告高雄屏東地區降水量參數養殖水產保險等三項保險商品之申請保險費補助受理期限（農業金融局）,https://m.coa.gov.tw/Aigovinfo/Detail/284
108/04/19,285,農委會協助產險公司推出國內首張無人機空拍勘損的香蕉植株保險（農業金融局）,https://m.coa.gov.tw/Aigovinfo/Detail/285
108/04/19,286,農委會協助產險公司推出國內首張無人機空拍勘損的香蕉植株保險（行政院農業委員會）,https://m.coa.gov.tw/Aigovinfo/Detail/286
108/04/22,287,專案農貸電話諮詢個案處理情形，統計截止日:108年4月19日（農業金融局）,https://m.coa.gov.tw/Aigovinfo/Detail/287
108/04/25,288,彰化土雞場確診禽流感案例，籲請業者重視禽場生物安全（動植物防疫檢疫局）,https://m.coa.gov.tw/Aigovinfo/Detail/288
108/04/26,289,公告108年度木瓜(上半年)、文旦柚及蓮霧保險費補助申請受理期限（農業金融局）,https://m.coa.gov.tw/Aigovinfo/Detail/289
108/04/27,290,雲林鵝場確診禽流感案例，依標準作業程序完成防疫處置（動植物防疫檢疫局）,https://m.coa.gov.tw/Aigovinfo/Detail/290
108/04/29,291,專案農貸電話諮詢個案處理情形，統計截止日:108年4月26日（農業金融局）,https://m.coa.gov.tw/Aigovinfo/Detail/291
108/04/30,292,公告延長受理臺東縣釋迦收入保險投保及保險費補助申請至108年5月15日止（農業金融局）,https://m.coa.gov.tw/Aigovinfo/Detail/292
108/05/08,293,雲林土雞場確診禽流感案例， 呼籲業者落實禽場生物安全措施（動植物防疫檢疫局）,https://m.coa.gov.tw/Aigovinfo/Detail/293
108/05/13,294,專案農貸電話諮詢個案處理情形，統計截止日:108年5月10日（農業金融局）,https://m.coa.gov.tw/Aigovinfo/Detail/294
108/05/18,295,屏東蛋鴨場確診禽流感案例， 籲請業者配合防疫監控措施（動植物防疫檢疫局）,https://m.coa.gov.tw/Aigovinfo/Detail/295
108/05/20,296,專案農貸電話諮詢個案處理情形，統計截止日:108年5月17日（農業金融局）,https://m.coa.gov.tw/Aigovinfo/Detail/296
108/05/20,297,屠宰場與來源場確診禽流感案例 依標準作業程序執行防疫處置（動植物防疫檢疫局）,https://m.coa.gov.tw/Aigovinfo/Detail/297
108/05/21,298,公告延長受理臺灣產物二項降水量參數養殖水產保險商品之申請保險費補助期限至108年5月31日止（農業金融局）,https://m.coa.gov.tw/Aigovinfo/Detail/298
108/05/23,299,雲林土雞場確診禽流感案例，呼籲業者落實禽場生物安全措施（動植物防疫檢疫局）,https://m.coa.gov.tw/Aigovinfo/Detail/299
108/05/24,300,雲林鴨場確診禽流感案例，籲請業者配合防疫監控措施（動植物防疫檢疫局）,https://m.coa.gov.tw/Aigovinfo/Detail/300
108/05/27,301,專案農貸電話諮詢個案處理情形，統計截止日:108年5月24日（農業金融局）,https://m.coa.gov.tw/Aigovinfo/Detail/301
108/05/27,302,雲林土雞場確診禽流感案例，呼籲業者落實禽場生物安全措施（動植物防疫檢疫局）,https://m.coa.gov.tw/Aigovinfo/Detail/302
108/05/29,303,公告延長蓮霧保險費補助申請之受理期限至108年6月14日止（農業金融局）,https://m.coa.gov.tw/Aigovinfo/Detail/303
108/06/11,304,108年5月31日農業保險投保情形（農業金融局）,https://m.coa.gov.tw/Aigovinfo/Detail/304
108/06/13,305,雲林土雞場確診禽流感案例，呼籲業者重視禽場生物安全措施（動植物防疫檢疫局）,https://m.coa.gov.tw/Aigovinfo/Detail/305
108/06/17,306,專案農貸電話諮詢個案處理情形，統計截止日:108年6月14日（農業金融局）,https://m.coa.gov.tw/Aigovinfo/Detail/306
108/06/20,307,「農業保險宣導推廣教育訓練」課程即將開跑囉!（農業金融局）,https://m.coa.gov.tw/Aigovinfo/Detail/307
108/06/22,308,彰化土雞場確診禽流感案例， 依標準作業程序執行防疫處置（動植物防疫檢疫局）,https://m.coa.gov.tw/Aigovinfo/Detail/308
108/06/24,309,專案農貸電話諮詢個案處理情形，統計截止日:108年6月21日（農業金融局）,https://m.coa.gov.tw/Aigovinfo/Detail/309
108/06/28,310,雲林彰化土雞及棄置鵝回溯場確診禽流感案例， 呼籲業者重視禽場生物安全措施（動植物防疫檢疫局）,https://m.coa.gov.tw/Aigovinfo/Detail/310
108/06/29,311,彰化土雞場確診禽流感案例， 籲請業者重視禽場生物安全（動植物防疫檢疫局）,https://m.coa.gov.tw/Aigovinfo/Detail/311
108/07/01,312,雲林土雞場確診禽流感案例，呼籲業者落實禽場生物安全措施（動植物防疫檢疫局）,https://m.coa.gov.tw/Aigovinfo/Detail/312
108/07/01,313,口蹄疫拔針滿一年， 台灣邁向不施打疫苗非疫區，國產養豬業亮起來（動植物防疫檢疫局）,https://m.coa.gov.tw/Aigovinfo/Detail/313
108/07/03,314,108年6月30日農業保險投保情形（農業金融局）,https://m.coa.gov.tw/Aigovinfo/Detail/314
108/07/04,315,彰化土雞場確診禽流感案例，請業者落實禽場生物安全（動植物防疫檢疫局）,https://m.coa.gov.tw/Aigovinfo/Detail/315
108/07/04,316,108年5月底全體農漁會信用部逾期放款情形（農業金融局）,https://m.coa.gov.tw/Aigovinfo/Detail/316
108/07/08,317,雲林鴨場及火雞場確診禽流感案例，籲請業者配合防疫監控措施（動植物防疫檢疫局）,https://m.coa.gov.tw/Aigovinfo/Detail/317
108/07/24,318,"彰化蛋中雞場確診禽流感案例，
籲請業者加強場區清潔消毒（動植物防疫檢疫局）",https://m.coa.gov.tw/Aigovinfo/Detail/318
108/07/21,319,新北市板橋區、新北市新莊區、宜蘭縣冬山鄉、臺中市大里區及南投縣草屯鎮等5家農會（板橋共用中心會員）7月22日順利轉入農漁會資訊共用系統（農業金融局）,https://m.coa.gov.tw/Aigovinfo/Detail/319
108/07/31,320,雲林土雞場確診禽流感案例，籲請業者加強場區清潔消毒（動植物防疫檢疫局）,https://m.coa.gov.tw/Aigovinfo/Detail/320
108/07/24,321,公告108年度「國泰產物番石榴農作物保險(颱風風速及降雨量參數型)」為農產業保險商品（農業金融局）,https://m.coa.gov.tw/Aigovinfo/Detail/321
108/08/05,322,108年7月31日農業保險投保情形（農業金融局）,https://m.coa.gov.tw/Aigovinfo/Detail/322
108/08/11,323,專案農貸電話諮詢個案處理情形，統計截止日:108年8月9日（農業金融局）,https://m.coa.gov.tw/Aigovinfo/Detail/323
108/07/28,324,專案農貸電話諮詢個案處理情形，統計截止日:108年7月26日（農業金融局）,https://m.coa.gov.tw/Aigovinfo/Detail/324
108/08/12,325,彰化土雞場確診禽流感案例，籲請業者落實禽場生物安全（動植物防疫檢疫局）,https://m.coa.gov.tw/Aigovinfo/Detail/325
108/08/16,326,雲林鵝場確診禽流感案例，籲請業者配合防疫監測措施（動植物防疫檢疫局）,https://m.coa.gov.tw/Aigovinfo/Detail/326
108/08/19,327,專案農貸電話諮詢個案處理情形，統計截止日:108年8月16日（農業金融局）,https://m.coa.gov.tw/Aigovinfo/Detail/327
108/08/22,328,雲林雞場確診禽流感案例，籲請業者落實禽場生物安全（動植物防疫檢疫局）,https://m.coa.gov.tw/Aigovinfo/Detail/328
108/08/25,329,專案農貸電話諮詢個案處理情形，統計截止日:108年8月23日（農業金融局）,https://m.coa.gov.tw/Aigovinfo/Detail/329
108/08/26,330,彰化鴨場確診禽流感案例，籲請業者配合防疫監控措施（動植物防疫檢疫局）,https://m.coa.gov.tw/Aigovinfo/Detail/330
108/08/31,331,"嘉義鵪鶉場確診禽流感案例，
籲請業者落實禽場生物安全（動植物防疫檢疫局）",https://m.coa.gov.tw/Aigovinfo/Detail/331
108/09/15,332,我國首度檢出H5N5高病原性禽流感病毒，初步認定病毒尚未擴散，籲請業者配合防疫監控措施,https://m.coa.gov.tw/Aigovinfo/Detail/332
108/10/20,333,屠宰場確診禽流感案例 依標準作業程序執行防疫處置（動植物防疫檢疫局）,https://m.coa.gov.tw/Aigovinfo/Detail/333
108/10/03,334,雲林及屏東雞場確診禽流感案例， 呼籲業者落實禽場生物安全措施（動植物防疫檢疫局）,https://m.coa.gov.tw/Aigovinfo/Detail/334
108/09/21,335,雲林土雞場確診禽流感案例，呼籲業者落實禽場生物安全措施（動植物防疫檢疫局）,https://m.coa.gov.tw/Aigovinfo/Detail/335
108/09/19,336,彰化自家飼養家禽確診禽流感案例， 籲請落實飼養場所生物安全（動植物防疫檢疫局）,https://m.coa.gov.tw/Aigovinfo/Detail/336
108/09/16,337,雲林雞場確診禽流感案例，籲請業者落實禽場生物安全（動植物防疫檢疫局）,https://m.coa.gov.tw/Aigovinfo/Detail/337
108/09/13,338,雲林鴨場確診禽流感案例，籲請業者配合防疫監控措施（動植物防疫檢疫局）,https://m.coa.gov.tw/Aigovinfo/Detail/338
108/09/11,339,高雄鴨場確診禽流感案例，籲請業者配合防疫監控措施（動植物防疫檢疫局）,https://m.coa.gov.tw/Aigovinfo/Detail/339
108/09/08,340,雲林及屏東鴨場確診禽流感案例，籲請業者配合防疫監控措施（動植物防疫檢疫局）,https://m.coa.gov.tw/Aigovinfo/Detail/340
108/09/04,341,雲林土雞場確診禽流感案例，呼籲業者落實禽場生物安全措施（動植物防疫檢疫局）,https://m.coa.gov.tw/Aigovinfo/Detail/341
108/10/25,342,雲林鴨場確診禽流感案例，籲請業者配合防疫監控措施（動植物防疫檢疫局）,https://m.coa.gov.tw/Aigovinfo/Detail/342
108/11/11,343,彰化鴨場確診禽流感案例，籲請業者配合防疫監控措施,https://m.coa.gov.tw/Aigovinfo/Detail/343
108/10/31,344,雲林土雞場確診禽流感案例，呼籲業者落實禽場生物安全措施,https://m.coa.gov.tw/Aigovinfo/Detail/344
108/10/29,345,嘉義土雞場確診禽流感案例， 呼籲業者落實禽場生物安全措施,https://m.coa.gov.tw/Aigovinfo/Detail/345
108/11/20,346,雲林鴨場確診禽流感案例，呼籲業者落實禽場生物安全措施,https://m.coa.gov.tw/Aigovinfo/Detail/346
108/11/15,347,雲林雞場確診禽流感案例，籲請業者落實禽場生物安全,https://m.coa.gov.tw/Aigovinfo/Detail/347
108/12/01,348,彰化雲林禽場確診禽流感案例， 籲請業者落實禽場生物安全,https://m.coa.gov.tw/Aigovinfo/Detail/348
109/03/22,394,臺南1火雞場確診禽流感案例，籲請業者落實禽場生物安全（動植物防疫檢疫局）,https://m.coa.gov.tw/Aigovinfo/Detail/394
109/03/04,400,109年2月29日農業保險投保情形（農業金融局）,https://m.coa.gov.tw/Aigovinfo/Detail/400
109/03/02,401,農委會持續輔導鵪鶉產銷，積極規劃納入家禽品項（行政院農業委員會）,https://m.coa.gov.tw/Aigovinfo/Detail/401
109/03/27,402,"臺南1肉鵝場確診禽流感案例，
籲請業者落實禽場生物安全（動植物防疫檢疫局）",https://m.coa.gov.tw/Aigovinfo/Detail/402
109/04/08,403,"臺南2火雞場確診禽流感案例，
防檢局籲請業者落實禽場生物安全（動植物防疫檢疫局）",https://m.coa.gov.tw/Aigovinfo/Detail/403
109/04/12,404,"雲林1火雞場確診禽流感案例，
防檢局籲請業者落實禽場生物安全（動植物防疫檢疫局）",https://m.coa.gov.tw/Aigovinfo/Detail/404
109/04/14,405,109年3月31日農業保險投保情形（農業金融局）,https://m.coa.gov.tw/Aigovinfo/Detail/405
109/04/15,406,"臺南1蛋雞場確診禽流感案例，
防檢局籲請業者落實禽場生物安全（動植物防疫檢疫局）",https://m.coa.gov.tw/Aigovinfo/Detail/406
109/04/24,407,"屏東1黑羽土雞場確診禽流感案例，
防檢局籲請業者落實禽場生物安全（動植物防疫檢疫局）",https://m.coa.gov.tw/Aigovinfo/Detail/407
109/04/29,408,"雲林1紅羽土雞場確診禽流感案例，
防檢局籲請業者落實禽場生物安全（動植物防疫檢疫局）",https://m.coa.gov.tw/Aigovinfo/Detail/408
109/05/12,409,109年4月30日農業保險投保情形（農業金融局）,https://m.coa.gov.tw/Aigovinfo/Detail/409
109/05/24,410,雲林1黑羽土雞場確診禽流感案例，防檢局籲請業者落實禽場生物安全（動植物防疫檢疫局）,https://m.coa.gov.tw/Aigovinfo/Detail/410
109/06/01,411,配合檢警調海巡機關查獲非法禽流感疫苗 防檢局呼籲養禽業者勿觸法（動植物防疫檢疫局）,https://m.coa.gov.tw/Aigovinfo/Detail/411
109/06/09,412,109年5月31日農業保險投保情形（農業金融局）,https://m.coa.gov.tw/Aigovinfo/Detail/412
109/06/20,413,彰化1黑羽土雞場確診禽流感案例，防檢局籲請業者落實禽場生物安全（動植物防疫檢疫局）,https://m.coa.gov.tw/Aigovinfo/Detail/413
109/07/08,414,109年6月30日農業保險投保情形（農業金融局）,https://m.coa.gov.tw/Aigovinfo/Detail/414
109/06/20,415,彰化1黑羽土雞場確診禽流感案例，防檢局籲請業者落實禽場生物安全（動植物防疫檢疫局）,https://m.coa.gov.tw/Aigovinfo/Detail/415
109/06/01,416,配合檢警調海巡機關查獲非法禽流感疫苗 防檢局呼籲養禽業者勿觸法（動植物防疫檢疫局）,https://m.coa.gov.tw/Aigovinfo/Detail/416
109/07/26,417,雲林1雞場確診禽流感案例，防檢局籲請業者落實禽場生物安全（動植物防疫檢疫局）,https://m.coa.gov.tw/Aigovinfo/Detail/417
109/07/29,418,彰化縣1鵝場及臺南市1雞場確診禽流感案例，防檢局籲請業者落實禽場生物安全（動植物防疫檢疫局）,https://m.coa.gov.tw/Aigovinfo/Detail/418
109/07/31,419,雲林古坑1雞場確診禽流感案例，防檢局籲請業者落實禽場生物安全（動植物防疫檢疫局）,https://m.coa.gov.tw/Aigovinfo/Detail/419
109/08/04,420,屏東鹽埔1雞場確診禽流感案例，防檢局籲請業者落實禽場生物安全（動植物防疫檢疫局）,https://m.coa.gov.tw/Aigovinfo/Detail/420
109/08/09,421,彰化二林1雞場確診禽流感案例，防檢局籲請業者落實禽場生物安全（動植物防疫檢疫局）,https://m.coa.gov.tw/Aigovinfo/Detail/421
109/08/11,422,雲林2土雞場確診禽流感案例， 籲請業者落實禽場生物安全（動植物防疫檢疫局）,https://m.coa.gov.tw/Aigovinfo/Detail/422
109/08/11,423,109年7月31日農業保險投保情形（農業金融局）,https://m.coa.gov.tw/Aigovinfo/Detail/423
109/08/18,424,雲林1土雞場確診禽流感案例， 籲請業者落實禽場生物安全（動植物防疫檢疫局）,https://m.coa.gov.tw/Aigovinfo/Detail/424
109/09/07,425,109年8月31日農業保險投保情形（農業金融局）,https://m.coa.gov.tw/Aigovinfo/Detail/425
109/09/09,426,雲林東勢1土雞場確診禽流感案例， 籲請業者落實禽場生物安全（動植物防疫檢疫局）,https://m.coa.gov.tw/Aigovinfo/Detail/426
109/09/14,427,雲林1土雞場確診禽流感案例， 籲請業者落實禽場生物安全（動植物防疫檢疫局）,https://m.coa.gov.tw/Aigovinfo/Detail/427
109/10/14,428,109年9月30日農業保險投保情形（農業金融局）,https://m.coa.gov.tw/Aigovinfo/Detail/428
109/10/22,429,建構完整農業保險運作制度，提高農民農業經營保障（農業金融局）,https://m.coa.gov.tw/Aigovinfo/Detail/429
109/10/26,430,韓國野鳥檢出高病原性禽流感，請養禽業者加強防範（動植物防疫檢疫局）,https://m.coa.gov.tw/Aigovinfo/Detail/430
109/10/30,431,荷蘭發生H5亞型高病原性禽流感疫情，農委會公告即日起該國自非疫區除名（動植物防疫檢疫局）,https://m.coa.gov.tw/Aigovinfo/Detail/431
109/11/04,432,英國發生H5N8亞型高病原性禽流感疫情，行政院農委會公告即日起該國自非疫區除名（動植物防疫檢疫局）,https://m.coa.gov.tw/Aigovinfo/Detail/432
109/11/05,433,日本發生H5亞型高病原性禽流感疫情，農委會公告即日起該國自非疫區除名，該國活禽鳥及其產品自即日起禁止輸臺（動植物防疫檢疫局）,https://m.coa.gov.tw/Aigovinfo/Detail/433
109/11/12,434,109年10月31日農業保險投保情形（農業金融局）,https://m.coa.gov.tw/Aigovinfo/Detail/434
109/11/19,435,法國上科西嘉省發生H5N8亞型高病原性禽流感疫情，農委會公告該省自109年11月16日起自非疫區除名（動植物防疫檢疫局）,https://m.coa.gov.tw/Aigovinfo/Detail/435
109/11/24,436,嘉義1肉鵝場確診禽流感案例， 籲請業者落實禽場生物安全（動植物防疫檢疫局）,https://m.coa.gov.tw/Aigovinfo/Detail/436
109/11/26,437,雲林1肉鵝場確診禽流感案例，籲請業者落實禽場生物安全（動植物防疫檢疫局）,https://m.coa.gov.tw/Aigovinfo/Detail/437
109/11/27,438,比利時發生H5亞型高病原性禽流感疫情，農委會公告該國自即日起自非疫區除名（動植物防疫檢疫局）,https://m.coa.gov.tw/Aigovinfo/Detail/438
109/12/10,439,109年11月30日農業保險投保情形（農業金融局）,https://m.coa.gov.tw/Aigovinfo/Detail/439
109/12/18,440,日本及南韓爆發嚴重高病原性禽流感疫情，請養禽業者加強防範（動植物防疫檢疫局）,https://m.coa.gov.tw/Aigovinfo/Detail/440
109/12/23,441,彰化縣1蛋中雞場確診禽流感案例，籲請業者落實禽場生物安全（動植物防疫檢疫局）,https://m.coa.gov.tw/Aigovinfo/Detail/441
109/12/24,442,雲林縣1肉鵝場確診禽流感案例，籲請業者落實禽場生物安全（動植物防疫檢疫局）,https://m.coa.gov.tw/Aigovinfo/Detail/442
109/12/28,443,因應元旦跨年期間寒流來襲 政院召開情資研判會議（行政院）,https://m.coa.gov.tw/Aigovinfo/Detail/443
109/12/30,444,嘉義鰲鼓濕地尖尾鴨檢出H5亞型高病原禽流感，防檢局籲請養禽業者加強並落實防疫（動植物防疫檢疫局）,https://m.coa.gov.tw/Aigovinfo/Detail/444
109/12/31,445,屏東2鴨場確診禽流感案例，依標準作業程序執行防疫處置（動植物防疫檢疫局）,https://m.coa.gov.tw/Aigovinfo/Detail/445
110/01/04,446,雲林1鵝場確診禽流感案例，依標準作業程序執行防疫處置（動植物防疫檢疫局）,https://m.coa.gov.tw/Aigovinfo/Detail/446
110/01/08,447,高雄市茄定濕地候鳥排遺檢出H5N8亞型高病原禽流感病毒，防檢局籲請養禽業者加強並落實防疫（動植物防疫檢疫局）,https://m.coa.gov.tw/Aigovinfo/Detail/447
110/01/11,448,立陶宛發生H5N8亞型高病原性禽流感疫情，農委會公告該國自非疫區除名（動植物防疫檢疫局）,https://m.coa.gov.tw/Aigovinfo/Detail/448
110/01/12,449,109年12月31日農業保險投保情形（農業金融局）,https://m.coa.gov.tw/Aigovinfo/Detail/449
110/01/18,450,屏東九如1土雞場確診禽流感案例，依標準作業程序執行防疫處置（動植物防疫檢疫局）,https://m.coa.gov.tw/Aigovinfo/Detail/450
110/02/01,451,高雄阿蓮1肉鵝場確診禽流感案例，依標準作業程序執行防疫處置（動植物防疫檢疫局）,https://m.coa.gov.tw/Aigovinfo/Detail/451
110/02/06,452,彰化北斗種鵝場確診禽流感案例，依標準作業程序執行防疫處置（動植物防疫檢疫局）,https://m.coa.gov.tw/Aigovinfo/Detail/452
110/02/13,453,雲林崙背土雞場確診禽流感案例，依標準作業程序執行防疫處置（動植物防疫檢疫局）,https://m.coa.gov.tw/Aigovinfo/Detail/453
110/02/18,454,110年1月31日農業保險投保情形（農業金融局）,https://m.coa.gov.tw/Aigovinfo/Detail/454
110/02/20,455,110-02-20 公告愛沙尼亞自高病原性家禽流行性感冒非疫區刪除，並自即日生效（動植物防疫檢疫局）,https://m.coa.gov.tw/Aigovinfo/Detail/455
110/02/12,456,110-02-12 公告芬蘭自高病原性家禽流行性感冒非疫區刪除，並自即日生效。（動植物防疫檢疫局）,https://m.coa.gov.tw/Aigovinfo/Detail/456
110/02/01,457,110-02-01 公告法國亞爾丁省自高病原性家禽流行性感冒非疫區刪除，並自中華民國一百十年一月二十九日生效。（動植物防疫檢疫局）,https://m.coa.gov.tw/Aigovinfo/Detail/457
110/01/27,458,110-01-27 公告捷克自高病原性家禽流行性感冒非疫區刪除，並自即日生效。（動植物防疫檢疫局）,https://m.coa.gov.tw/Aigovinfo/Detail/458
110/03/10,459,110年2月28日農業保險投保情形（農業金融局）,https://m.coa.gov.tw/Aigovinfo/Detail/459
110/03/15,460,公告明台產物家禽禽流感保險為農業保險商品（農業金融局）,https://m.coa.gov.tw/Aigovinfo/Detail/460
110/03/16,461,110-03-16 公告法國上萊茵省自高病原性家禽流行性感冒非疫區刪除，並自中華民國一百十年三月十五日生效。（動植物防疫檢疫局）,https://m.coa.gov.tw/Aigovinfo/Detail/461
110/03/18,462,雲林臺西1肉鵝場確診禽流感案例，依標準作業程序執行防疫處置（動植物防疫檢疫局）,https://m.coa.gov.tw/Aigovinfo/Detail/462
110/03/22,463,雲林臺西1肉鵝場確診禽流感案例，依標準作業程序執行防疫處置（動植物防疫檢疫局）,https://m.coa.gov.tw/Aigovinfo/Detail/463
110/04/02,464,雲林東勢1肉鵝場確診禽流感案例，依標準作業程序執行防疫處置（動植物防疫檢疫局）,https://m.coa.gov.tw/Aigovinfo/Detail/464
110/04/09,465,雲林東勢1種鵝場確診禽流感案例，依標準作業程序執行防疫處置（動植物防疫檢疫局）,https://m.coa.gov.tw/Aigovinfo/Detail/465
110/04/16,466,110-04-16 公告法國上薩瓦省自高病原性家禽流行性感冒非疫區刪除，並自中華民國一百十年四月十二日生效。（動植物防疫檢疫局）,https://m.coa.gov.tw/Aigovinfo/Detail/466
110/04/05,467,110年3月31日農業保險投保情形（農業金融局）,https://m.coa.gov.tw/Aigovinfo/Detail/467
110/04/26,468,110-04-26 公告法國下萊茵省自高病原性家禽流行性感冒非疫區刪除，並自中華民國一百十年四月二十二日生效。（動植物防疫檢疫局）,https://m.coa.gov.tw/Aigovinfo/Detail/468
110/05/13,469,雲林褒忠土雞場確診禽流感案例，依標準作業程序執行防疫處置（動植物防疫檢疫局）,https://m.coa.gov.tw/Aigovinfo/Detail/469
110/05/20,470,雲林四湖鵝場確診禽流感案例，依標準作業程序執行防疫處置（動植物防疫檢疫局）,https://m.coa.gov.tw/Aigovinfo/Detail/470
110/05/27,471,110年4月30日農業保險投保情形（農業金融局）,https://m.coa.gov.tw/Aigovinfo/Detail/471
110/06/11,472,雲林古坑白肉種雞場確診禽流感案例，依標準作業程序執行防疫處置（動植物防疫檢疫局）,https://m.coa.gov.tw/Aigovinfo/Detail/472
110/06/24,473,110年5月31日農業保險投保情形（農業金融局）,https://m.coa.gov.tw/Aigovinfo/Detail/473
110/07/09,474,「瑞昱半導體」以螃蟹精神霸氣砸72億投入IC研發設計（經濟部）,https://m.coa.gov.tw/Aigovinfo/Detail/474
110/07/15,475,110年6月30日農業保險投保情形（農業金融局）,https://m.coa.gov.tw/Aigovinfo/Detail/475
110/07/30,476,雲林斗六白肉種雞場確診禽流感案例，依標準作業程序執行防疫處置（動植物防疫檢疫局）,https://m.coa.gov.tw/Aigovinfo/Detail/476
110/08/19,477,雲林路旁死鴨檢出新型H5N2亞型禽流感，防檢局：請養禽業者加強並落實防疫（動植物防疫檢疫局）,https://m.coa.gov.tw/Aigovinfo/Detail/477
110/08/20,478,110年7月31日農業保險投保情形（農業金融局）,https://m.coa.gov.tw/Aigovinfo/Detail/478
110/09/14,479,110年8月31日農業保險投保情形（農業金融局）,https://m.coa.gov.tw/Aigovinfo/Detail/479
110/09/22,480,110-09-22 公告法國埃納省自高病原性家禽流行性感冒非疫區刪除，並自中華民國一百十年九月十六日生效。（動植物防疫檢疫局）,https://m.coa.gov.tw/Aigovinfo/Detail/480
110/09/28,481,雲林古坑白肉種雞場確診禽流感案例，依標準作業程序執行防疫處置（動植物防疫檢疫局）,https://m.coa.gov.tw/Aigovinfo/Detail/481
110/07/13,482,110-07-13 公告法國盧瓦雷省自高病原性家禽流行性感冒非疫區刪除，並自中華民國一百十年七月七日生效。（動植物防疫檢疫局）,https://m.coa.gov.tw/Aigovinfo/Detail/482
110/10/18,483,110年9月30日農業保險投保情形（農業金融局）,https://m.coa.gov.tw/Aigovinfo/Detail/483
110/10/20,484,110-10-20 公告法國為新城病非疫區，並自即日生效。（動植物防疫檢疫局）,https://m.coa.gov.tw/Aigovinfo/Detail/484
110/11/17,485,110年10月31日農業保險投保情形（農業金融局）,https://m.coa.gov.tw/Aigovinfo/Detail/485
110/11/18,486,熱血陽光吃貨男神廖威廉與防疫醫師帶你遠離新型A型流感（衛生福利部疾病管制署）,https://m.coa.gov.tw/Aigovinfo/Detail/486
110/11/22,487,雲林二崙肉鵝場確診新型H5N2亞型禽流感，防檢局：請養禽業者加強並落實防疫（動植物防疫檢疫局）,https://m.coa.gov.tw/Aigovinfo/Detail/487
110/11/29,488,110-11-29 公告法國諾爾省自高病原性家禽流行性感冒非疫區刪除，並自中華民國一百十年十一月二十六日生效。（動植物防疫檢疫局）,https://m.coa.gov.tw/Aigovinfo/Detail/488
110/12/03,489,雲林北港珍珠雞與文昌雞混養場確診新型H5N2亞型禽流感，防檢局：請養禽業者加強並落實防疫（動植物防疫檢疫局）,https://m.coa.gov.tw/Aigovinfo/Detail/489
110/12/03,490,110-12-03 公告葡萄牙自高病原性家禽流行性感冒非疫區刪除，並自即日生效。（動植物防疫檢疫局）,https://m.coa.gov.tw/Aigovinfo/Detail/490
110/12/08,491,雲林北港火雞場確診新型H5N2亞型禽流感，防檢局：請養禽業者加強並落實防疫（動植物防疫檢疫局）,https://m.coa.gov.tw/Aigovinfo/Detail/491
110/12/11,492,彰化竹塘蛋雞場確診新型H5N2亞型禽流感，防檢局：請養禽業者加強並落實防疫（動植物防疫檢疫局）,https://m.coa.gov.tw/Aigovinfo/Detail/492
110/12/15,493,雲林四湖種鵝場確診高病原性禽流感，防檢局：請養禽業者加強並落實防疫（動植物防疫檢疫局）,https://m.coa.gov.tw/Aigovinfo/Detail/493
110/12/17,494,雲林元長種鵝及二崙土雞確診新型H5N2亞型禽流感，防檢局：請養禽業者加強並落實防疫（動植物防疫檢疫局）,https://m.coa.gov.tw/Aigovinfo/Detail/494
110/12/20,495,雲林四湖肉鵝確診禽流感案例，防檢局：請養禽業者加強並落實防疫（動植物防疫檢疫局）,https://m.coa.gov.tw/Aigovinfo/Detail/495
110/12/22,496,110年11月30日農業保險投保情形（農業金融局）,https://m.coa.gov.tw/Aigovinfo/Detail/496
110/12/29,497,雲林斗六白肉種雞確診禽流感案例，防檢局：請養禽業者加強並落實防疫（動植物防疫檢疫局）,https://m.coa.gov.tw/Aigovinfo/Detail/497
111/01/04,498,彰化大城蛋中雞與芳苑土雞場確診新型H5N2亞型禽流感，防檢局：請養禽業者加強並落實防疫（動植物防疫檢疫局）,https://m.coa.gov.tw/Aigovinfo/Detail/498
111/01/07,499,彰化芳苑蛋中雞確診新型H5N2亞型禽流感，防檢局：請養禽業者加強並落實防疫（動植物防疫檢疫局）,https://m.coa.gov.tw/Aigovinfo/Detail/499
111/01/10,500,111-01-10 公告義大利自非洲豬瘟非疫區刪除，並自即日生效。（動植物防疫檢疫局）,https://m.coa.gov.tw/Aigovinfo/Detail/500
111/01/14,501,111-01-14 公告加拿大紐芬蘭與拉布拉多省自高病原性家禽流行性感冒非疫區刪除，並自即日生效。（動植物防疫檢疫局）,https://m.coa.gov.tw/Aigovinfo/Detail/501
111/01/18,502,111-01-18 公告法國安德爾省自高病原性家禽流行性感冒非疫區刪除，並自中華民國一百十一年一月十日生效（動植物防疫檢疫局）,https://m.coa.gov.tw/Aigovinfo/Detail/502
111/01/18,503,彰化大城與竹塘蛋雞場確診新型H5N2亞型禽流感，防檢局：請養禽業者加強並落實防疫（動植物防疫檢疫局）,https://m.coa.gov.tw/Aigovinfo/Detail/503
111/01/19,504,111-01-19 公告西班牙自高病原性家禽流行性感冒非疫區刪除，並自即日生效。（動植物防疫檢疫局）,https://m.coa.gov.tw/Aigovinfo/Detail/504
111/01/20,505,雲林斗南肉鵝場確診新型H5N2亞型禽流感，防檢局：請養禽業者加強並落實防疫（動植物防疫檢疫局）,https://m.coa.gov.tw/Aigovinfo/Detail/505
111/01/24,506,雲林大埤土種雞場確診新型H5N2亞型禽流感，防檢局：請養禽業者加強並落實防疫（動植物防疫檢疫局）,https://m.coa.gov.tw/Aigovinfo/Detail/506
111/01/27,507,春節禽流感防疫不打烊，作好春節整備工作（動植物防疫檢疫局）,https://m.coa.gov.tw/Aigovinfo/Detail/507
111/01/28,508,雲林古坑白肉種雞場確診新型H5N2亞型禽流感，防檢局：請養禽業者加強並落實防疫（動植物防疫檢疫局）,https://m.coa.gov.tw/Aigovinfo/Detail/508
111/02/05,509,111-02-05 公告加拿大新斯科細亞省自高病原性家禽流行性感冒非疫區刪除，並自即日生效。（動植物防疫檢疫局）,https://m.coa.gov.tw/Aigovinfo/Detail/509
111/02/05,510,雲林元長種鵝場確診新型H5N2亞型禽流感，防檢局：請養禽業者加強並落實防疫（動植物防疫檢疫局）,https://m.coa.gov.tw/Aigovinfo/Detail/510
111/02/10,511,111-02-10 公告美國印第安那州自高病原性家禽流行性感冒非疫區刪除，並自即日生效。（動植物防疫檢疫局）,https://m.coa.gov.tw/Aigovinfo/Detail/511
111/02/10,512,111-02-10 公告法國馬耶納省自高病原性家禽流行性感冒非疫區刪除，並自中華民國一百十一年二月三日生效。（動植物防疫檢疫局）,https://m.coa.gov.tw/Aigovinfo/Detail/512
111/02/11,513,111-02-11 修正動物傳染病非疫區及牛海綿狀腦病風險等級之國家（地區），並自即日生效。（動植物防疫檢疫局）,https://m.coa.gov.tw/Aigovinfo/Detail/513
111/02/09,514,111-02-09 公告法國濱海塞納省自高病原性家禽流行性感冒非疫區刪除，並自中華民國一百十一年二月五日生效。（動植物防疫檢疫局）,https://m.coa.gov.tw/Aigovinfo/Detail/514
111/02/12,515,雲林東勢黑羽場確診新型H5N2亞型禽流感，防檢局：請養禽業者加強並落實防疫（動植物防疫檢疫局）,https://m.coa.gov.tw/Aigovinfo/Detail/515
111/02/15,516,111-02-15 公告法國塔恩省自高病原性家禽流行性感冒非疫區刪除，並自中華民國一百十一年二月十一日生效。（動植物防疫檢疫局）,https://m.coa.gov.tw/Aigovinfo/Detail/516
111/02/15,517,111-02-15 公告美國肯塔基州、波札那自高病原性家禽流行性感冒非疫區刪除，並自即日生效。（動植物防疫檢疫局）,https://m.coa.gov.tw/Aigovinfo/Detail/517
111/02/16,518,兼顧防檢疫安全及國內蛋品供需 專案有條件輸入日本雞蛋（動植物防疫檢疫局）,https://m.coa.gov.tw/Aigovinfo/Detail/518
111/02/17,519,111-02-17 公告法國安德爾-盧瓦爾省自高病原性家禽流行性感冒非疫區刪除，並自中華民國一百十一年二月十三日生效。（動植物防疫檢疫局）,https://m.coa.gov.tw/Aigovinfo/Detail/519
111/02/17,520,111-02-17 公告美國維吉尼亞州自高病原性家禽流行性感冒非疫區刪除，並自即日生效。（動植物防疫檢疫局）,https://m.coa.gov.tw/Aigovinfo/Detail/520
111/02/18,521,屏東萬丹肉鴨場確診新型H5N2亞型禽流感，防檢局：請養禽業者加強並落實防疫（動植物防疫檢疫局）,https://m.coa.gov.tw/Aigovinfo/Detail/521
111/02/22,522,111-02-22 公告美國紐約州及緬因州自高病原性家禽流行性感冒非疫區刪除，並自即日生效。（動植物防疫檢疫局）,https://m.coa.gov.tw/Aigovinfo/Detail/522
111/02/24,523,111-02-24 公告美國德拉瓦州自高病原性家禽流行性感冒非疫區刪除，並自即日生效。（動植物防疫檢疫局）,https://m.coa.gov.tw/Aigovinfo/Detail/523
111/02/24,524,彰化大城與雲林東勢黑羽土場確診新型H5N2亞型禽流感，防檢局：請養禽業者加強並落實防疫（動植物防疫檢疫局）,https://m.coa.gov.tw/Aigovinfo/Detail/524
111/02/25,525,111-02-25 公告美國密西根州自高病原性家禽流行性感冒非疫區刪除，並自即日生效。（動植物防疫檢疫局）,https://m.coa.gov.tw/Aigovinfo/Detail/525
111/03/02,526,111-03-02 公告法國羅亞爾-大西洋省自高病原性家禽流行性感冒非疫區刪除，並自即日生效。（動植物防疫檢疫局）,https://m.coa.gov.tw/Aigovinfo/Detail/526
111/03/03,527,111-03-03 公告法國曼恩-羅亞爾省自高病原性家禽流行性感冒非疫區刪除，並自即日生效。（動植物防疫檢疫局）,https://m.coa.gov.tw/Aigovinfo/Detail/527
111/03/04,528,111-03-04 公告美國康乃狄克州及愛荷華州自高病原性家禽流行性感冒非疫區刪除，並自即日生效。（動植物防疫檢疫局）,https://m.coa.gov.tw/Aigovinfo/Detail/528
111/03/05,529,111-03-05 公告美國密蘇里州自高病原性家禽流行性感冒非疫區刪除，並自即日生效（動植物防疫檢疫局）,https://m.coa.gov.tw/Aigovinfo/Detail/529
111/03/05,530,臺南麻豆烏骨雞場與雲林臺西紅羽土場確診新型H5N2亞型禽流感，防檢局：請養禽業者加強並落實防疫（動植物防疫檢疫局）,https://m.coa.gov.tw/Aigovinfo/Detail/530
111/03/06,531,111-03-06 公告美國馬里蘭州自高病原性家禽流行性感冒非疫區刪除，並自即日生效（動植物防疫檢疫局）,https://m.coa.gov.tw/Aigovinfo/Detail/531
111/03/07,532,111-03-07 公告美國南達科他州自高病原性家禽流行性感冒非疫區刪除，並自即日生效。（動植物防疫檢疫局）,https://m.coa.gov.tw/Aigovinfo/Detail/532
111/03/09,533,新北淡水紅羽土場確診新型H5N2亞型禽流感，防檢局：請養禽業者加強並落實防疫（動植物防疫檢疫局）,https://m.coa.gov.tw/Aigovinfo/Detail/533
111/03/14,534,111-03-14 公告美國伊利諾州自高病原性家禽流行性感冒非疫區刪除，並自即日生效。（動植物防疫檢疫局）,https://m.coa.gov.tw/Aigovinfo/Detail/534
111/03/15,535,111-03-15 公告巴拉圭為非洲豬瘟非疫區、美國堪薩斯州及威斯康辛州自高病原性家禽流行性感冒非疫區刪除，並自即日生效。（動植物防疫檢疫局）,https://m.coa.gov.tw/Aigovinfo/Detail/535
111/03/16,536,111-03-16 公告法國康塔爾省及盧瓦-謝爾省自高病原性家禽流行性感冒非疫區刪除，並自即日生效。（動植物防疫檢疫局）,https://m.coa.gov.tw/Aigovinfo/Detail/536
111/03/17,537,111-03-17 公告法國莫爾比昂省自高病原性家禽流行性感冒非疫區刪除，並自中華民國一百十一年三月十六日生效。（動植物防疫檢疫局）,https://m.coa.gov.tw/Aigovinfo/Detail/537
111/03/18,538,111-03-18 公告美國內布拉斯加州自高病原性家禽流行性感冒非疫區刪除，並自即日生效。（動植物防疫檢疫局）,https://m.coa.gov.tw/Aigovinfo/Detail/538
111/03/21,539,111-03-21 公告美國新罕布夏州自高病原性家禽流行性感冒非疫區刪除，並自即日生效。（動植物防疫檢疫局）,https://m.coa.gov.tw/Aigovinfo/Detail/539
111/03/23,540,111-03-23 公告法國伊勒-維萊訥省及洛特省自高病原性家禽流行性感冒非疫區刪除，並自即日生效。（動植物防疫檢疫局）,https://m.coa.gov.tw/Aigovinfo/Detail/540
111/03/24,541,雲林西螺土雞場確診新型H5N2亞型禽流感，防檢局：請養禽業者加強並落實防疫（動植物防疫檢疫局）,https://m.coa.gov.tw/Aigovinfo/Detail/541
111/03/27,542,111-03-27 公告美國明尼蘇達州自高病原性家禽流行性感冒非疫區刪除， 並自即日生效。（動植物防疫檢疫局）,https://m.coa.gov.tw/Aigovinfo/Detail/542
111/03/28,543,111-03-28 公告加拿大安大略省自高病原性家禽流行性感冒非疫區刪除，並自即日生效。（動植物防疫檢疫局）,https://m.coa.gov.tw/Aigovinfo/Detail/543
111/03/31,544,111-03-31 公告美國北卡羅萊納州及北達科他州自高病原性家禽流行性感冒非疫區刪除，並自即日生效。（動植物防疫檢疫局）,https://m.coa.gov.tw/Aigovinfo/Detail/544
111/04/01,545,111-04-01 公告美國俄亥俄州自高病原性家禽流行性感冒非疫區刪除，並自即日生效。（動植物防疫檢疫局）,https://m.coa.gov.tw/Aigovinfo/Detail/545
111/04/04,546,嘉義中埔火雞場確診新型H5N2亞型禽流感，防檢局：請養禽業者加強並落實防疫（動植物防疫檢疫局）,https://m.coa.gov.tw/Aigovinfo/Detail/546
111/04/05,547,111-04-05 公告法國科雷茲省、多爾多涅省及菲尼斯泰爾省自高病原性家禽流行性感冒非疫區刪除，並自即日生效（動植物防疫檢疫局）,https://m.coa.gov.tw/Aigovinfo/Detail/547
111/04/04,548,111-04-04 公告美國德克薩斯州自高病原性家禽流行性感冒非疫區刪除，並自即日生效（動植物防疫檢疫局）,https://m.coa.gov.tw/Aigovinfo/Detail/548
111/04/06,549,111-04-06 公告美國麻薩諸塞州及懷俄明州自高病原性家禽流行性感冒非疫區刪除，並自即日生效。（動植物防疫檢疫局）,https://m.coa.gov.tw/Aigovinfo/Detail/549
111/04/08,550,111-04-08 公告加拿大亞伯達省自高病原性家禽流行性感冒非疫區刪除，並自即日生效。（動植物防疫檢疫局）,https://m.coa.gov.tw/Aigovinfo/Detail/550
111/04/10,551,農委會機動檢討措施 兼顧防疫安全與家禽產業需求（動植物防疫檢疫局）,https://m.coa.gov.tw/Aigovinfo/Detail/551
111/04/11,552,111-04-11 公告美國蒙大拿州及科羅拉多州自高病原性家禽流行性感冒非疫區刪除，並自即日生效。（動植物防疫檢疫局）,https://m.coa.gov.tw/Aigovinfo/Detail/552
111/04/13,553,111-04-13 公告法國上維埃納省自高病原性家禽流行性感冒非疫區刪除，並自即日生效。（動植物防疫檢疫局）,https://m.coa.gov.tw/Aigovinfo/Detail/553
111/04/14,554,111-04-14 公告法國薩爾特省及加拿大魁北克省自高病原性家禽流行性感冒非疫區刪除，並自即日生效。（動植物防疫檢疫局）,https://m.coa.gov.tw/Aigovinfo/Detail/554
111/04/15,555,111-04-15 公告加拿大卑詩省自高病原性家禽流行性感冒非疫區刪除，並自即日生效。（動植物防疫檢疫局）,https://m.coa.gov.tw/Aigovinfo/Detail/555
111/04/17,556,111-04-17 公告美國賓夕法尼亞州及加拿大薩克其萬省自高病原性家禽流行性感冒非疫區刪除，並自即日生效。（動植物防疫檢疫局）,https://m.coa.gov.tw/Aigovinfo/Detail/556
111/04/18,557,111-04-18 公告瓜地馬拉為牛接觸傳染性胸膜肺炎非疫區，並自即日生效。（動植物防疫檢疫局）,https://m.coa.gov.tw/Aigovinfo/Detail/557
111/04/19,558,111-04-19 公告美國愛達荷州自高病原性家禽流行性感冒非疫區刪除，並自即日生效。（動植物防疫檢疫局）,https://m.coa.gov.tw/Aigovinfo/Detail/558
111/04/20,559,111-04-20 公告美國猶他州自高病原性家禽流行性感冒非疫區刪除，並自即日生效。（動植物防疫檢疫局）,https://m.coa.gov.tw/Aigovinfo/Detail/559
111/04/21,560,111-04-21 公告法國阿韋龍省自高病原性家禽流行性感冒非疫區刪除，並自即日生效。（動植物防疫檢疫局）,https://m.coa.gov.tw/Aigovinfo/Detail/560
111/04/25,561,111-04-25 公告加拿大曼尼托巴省自高病原性家禽流行性感冒非疫區刪除，並自即日生效。（動植物防疫檢疫局）,https://m.coa.gov.tw/Aigovinfo/Detail/561
111/04/27,562,111-04-27 公告加拿大新布藍茲維省自高病原性家禽流行性感冒非疫區刪除，並自即日生效。（動植物防疫檢疫局）,https://m.coa.gov.tw/Aigovinfo/Detail/562
111/04/30,563,全球出現首例H3N8流感確定病例，疾管署提升中國大陸河南省新型A型流感旅遊疫情建議至第二級警示（Alert）（衛生福利部）,https://m.coa.gov.tw/Aigovinfo/Detail/563
111/04/30,564,全球出現首例H3N8流感確定病例，疾管署提升中國大陸河南省新型A型流感旅遊疫情建議至第二級警示（Alert）（衛生福利部疾病管制署）,https://m.coa.gov.tw/Aigovinfo/Detail/564
111/05/02,565,111-05-02 公告美國佛蒙特州、阿拉斯加州及奧克拉荷馬州自高病原性家禽流行性感冒非疫區刪除，並自即日生效。（動植物防疫檢疫局）,https://m.coa.gov.tw/Aigovinfo/Detail/565
111/05/03,566,111-05-03 公告立陶宛為口蹄疫及牛接觸傳染性胸膜肺炎非疫區，並自即日生效。（動植物防疫檢疫局）,https://m.coa.gov.tw/Aigovinfo/Detail/566
111/05/06,567,111-05-06 公告法國夏朗德省及美國奧勒岡州自高病原性家禽流行性感冒非疫區刪除，並自即日生效。（動植物防疫檢疫局）,https://m.coa.gov.tw/Aigovinfo/Detail/567
111/05/09,568,111-05-09 公告美國華盛頓州自高病原性家禽流行性感冒非疫區刪除，並自即日生效。（動植物防疫檢疫局）,https://m.coa.gov.tw/Aigovinfo/Detail/568
111/05/19,569,111-05-19 公告美國紐澤西州自高病原性家禽流行性感冒非疫區刪除，並自即日生效。（動植物防疫檢疫局）,https://m.coa.gov.tw/Aigovinfo/Detail/569
111/05/27,570,臺灣參與OIE第89屆年會視訊會議  共同守護全球動物健康（動植物防疫檢疫局）,https://m.coa.gov.tw/Aigovinfo/Detail/570
111/05/28,571,花蓮縣壽豐鄉野鳥檢出H5N1亞型高病原禽流感病毒，防檢局籲請養禽業者加強並落實防疫（動植物防疫檢疫局）,https://m.coa.gov.tw/Aigovinfo/Detail/571
111/06/06,572,111-06-06 公告美國喬治亞州自高病原性家禽流行性感冒非疫區刪除，並自即日生效。（動植物防疫檢疫局）,https://m.coa.gov.tw/Aigovinfo/Detail/572
111/06/20,573,彰化大城土雞場確診新型H5N2亞型禽流感，防檢局：請養禽業者加強並落實防疫工作（動植物防疫檢疫局）,https://m.coa.gov.tw/Aigovinfo/Detail/573
111/07/12,574,111-07-12 公告美國內華達州自高病原性家禽流行性感冒非疫區刪除，並自即日生效。（動植物防疫檢疫局）,https://m.coa.gov.tw/Aigovinfo/Detail/574
111/07/15,575,彰化縣大城鄉蛋中雞場確診新型H5N2亞型禽流感，防檢局籲請養禽業者加強並落實防疫（動植物防疫檢疫局）,https://m.coa.gov.tw/Aigovinfo/Detail/575
111/07/18,576,111-07-18 公告法國卡爾瓦多斯省自高病原性家禽流行性感冒非疫區刪除，並自中華民國一百十一年七月十五日生效。（動植物防疫檢疫局）,https://m.coa.gov.tw/Aigovinfo/Detail/576
